,Sites,Date,grams_cm2,Grasses,Above_Below,Temp,Temp_var,Light_intensity,Sendimentation,Water_Motion
1,BHL,1/19/20,NA,Thalassia,Above,NA,,NA,,
2,BHL,1/19/20,NA,Thalassia,Above,NA,,NA,,
3,BHL,1/19/20,NA,Thalassia,Above,NA,,NA,,
4,BHL,1/19/20,NA,Thalassia,Above,NA,,NA,,
5,BHL,1/19/20,NA,Thalassia,Above,NA,,NA,,
6,BHL,1/19/20,NA,Thalassia,Above,NA,,NA,,
7,BHL,1/19/20,NA,Thalassia,Above,NA,,NA,,
8,BHL,1/19/20,NA,Thalassia,Above,NA,,NA,,
9,BHL,1/19/20,NA,Thalassia,Above,NA,,NA,,
10,BHL,1/19/20,NA,Thalassia,Above,NA,,NA,,
11,BHL,1/19/20,NA,Thalassia,Above,NA,,NA,,
12,BHL,1/19/20,NA,Thalassia,Above,NA,,NA,,
13,BHL,1/19/20,NA,Thalassia,Above,NA,,NA,,
14,BHL,1/19/20,NA,Thalassia,Above,NA,,NA,,
58,BHL,6/8/20,246.6124661,Thalassia,Above,29.8,,1075.42,,
59,BHL,6/9/20,51.49051491,Thalassia,Above,29.8,,1075.42,,
60,BHL,6/10/20,94.85094851,Thalassia,Above,29.8,,1075.42,,
61,BHL,6/11/20,13.5501355,Thalassia,Above,29.8,,1075.42,,
62,BHL,6/12/20,13.5501355,Thalassia,Above,29.8,,1075.42,,
63,BHL,6/13/20,46.0704607,Thalassia,Above,29.8,,1075.42,,
64,BHL,6/14/20,24.3902439,Thalassia,Above,29.8,,1075.42,,
65,BHL,6/15/20,165.3116531,Thalassia,Above,29.8,,1075.42,,
66,BHL,6/16/20,176.1517615,Thalassia,Above,29.8,,1075.42,,
67,BHL,6/17/20,NA,Thalassia,Above,29.8,,1075.42,,
68,BHL,6/18/20,NA,Thalassia,Above,,,,,
69,BHL,6/19/20,NA,Thalassia,Above,,,,,
70,BHL,6/20/20,NA,Thalassia,Above,,,,,
71,BHL,6/21/20,NA,Thalassia,Above,,,,,
72,BHL,6/22/20,NA,Thalassia,Above,,,,,
114,BHL,11/10/20,119.2411924,Thalassia,Above,,,,,
115,BHL,11/10/20,284.5528455,Thalassia,Above,,,,,
116,BHL,11/10/20,108.401084,Thalassia,Above,,,,,
117,BHL,11/10/20,192.4119241,Thalassia,Above,,,,,
118,BHL,11/10/20,27.100271,Thalassia,Above,,,,,
119,BHL,11/10/20,376.6937669,Thalassia,Above,,,,,
120,BHL,11/10/20,24.3902439,Thalassia,Above,,,,,
121,BHL,11/10/20,146.3414634,Thalassia,Above,,,,,
157,BHL,1/29/21,227.6422764,Thalassia,Above,,,,,
158,BHL,1/29/21,27.100271,Thalassia,Above,,,,,
159,BHL,1/29/21,384.8238482,Thalassia,Above,,,,,
160,BHL,1/29/21,75.88075881,Thalassia,Above,,,,,
161,BHL,1/29/21,100.2710027,Thalassia,Above,,,,,
162,BHL,1/29/21,113.8211382,Thalassia,Above,,,,,
163,BHL,1/29/21,65.04065041,Thalassia,Above,,,,,
164,BHL,1/29/21,84.01084011,Thalassia,Above,,,,,
165,BHL,1/29/21,21.6802168,Thalassia,Above,,,,,
166,BHL,1/29/21,162.601626,Thalassia,Above,,,,,
167,BHL,1/29/21,86.72086721,Thalassia,Above,,,,,
168,BHL,1/29/21,78.59078591,Thalassia,Above,,,,,
169,BHL,1/29/21,168.0216802,Thalassia,Above,,,,,
170,BHL,1/29/21,254.7425474,Thalassia,Above,,,,,
171,BHL,1/29/21,157.1815718,Thalassia,Above,,,,,
252,BHL,4/30/21,249.3224932,Thalassia,Above,,,,,
253,BHL,4/30/21,62.33062331,Thalassia,Above,,,,,
254,BHL,4/30/21,81.30081301,Thalassia,Above,,,,,
255,BHL,4/30/21,124.6612466,Thalassia,Above,,,,,
256,BHL,4/30/21,170.7317073,Thalassia,Above,,,,,
257,BHL,4/30/21,97.56097561,Thalassia,Above,,,,,
258,BHL,4/30/21,21.6802168,Thalassia,Above,,,,,
259,BHL,4/30/21,59.62059621,Thalassia,Above,,,,,
260,BHL,4/30/21,154.4715447,Thalassia,Above,,,,,
261,BHL,4/30/21,159.8915989,Thalassia,Above,,,,,
262,BHL,4/30/21,531.1653117,Thalassia,Above,,,,,
263,BHL,4/30/21,48.7804878,Thalassia,Above,,,,,
264,BHL,4/30/21,37.9403794,Thalassia,Above,,,,,
265,BHL,4/30/21,241.1924119,Thalassia,Above,,,,,
266,BHL,4/30/21,56.91056911,Thalassia,Above,,,,,
267,BHL,4/30/21,NA,Thalassia,Above,,,,,
268,BHL,1/19/20,NA,Thalassia,below,,,,,
269,BHL,1/19/20,NA,Thalassia,below,,,,,
270,BHL,1/19/20,NA,Thalassia,below,,,,,
271,BHL,1/19/20,NA,Thalassia,below,,,,,
272,BHL,1/19/20,NA,Thalassia,below,,,,,
273,BHL,1/19/20,NA,Thalassia,below,,,,,
274,BHL,1/19/20,NA,Thalassia,below,,,,,
275,BHL,1/19/20,NA,Thalassia,below,,,,,
276,BHL,1/19/20,NA,Thalassia,below,,,,,
277,BHL,1/19/20,NA,Thalassia,below,,,,,
278,BHL,1/19/20,NA,Thalassia,below,,,,,
279,BHL,1/19/20,NA,Thalassia,below,,,,,
280,BHL,1/19/20,NA,Thalassia,below,,,,,
281,BHL,1/19/20,NA,Thalassia,below,,,,,
325,BHL,8/8/20,406.504065,Thalassia,below,,,,,
326,BHL,8/8/20,224.9322493,Thalassia,below,,,,,
327,BHL,8/8/20,306.2330623,Thalassia,below,,,,,
328,BHL,8/8/20,135.501355,Thalassia,below,,,,,
329,BHL,8/8/20,140.9214092,Thalassia,below,,,,,
330,BHL,8/8/20,222.2222222,Thalassia,below,,,,,
331,BHL,8/8/20,224.9322493,Thalassia,below,,,,,
332,BHL,8/8/20,214.0921409,Thalassia,below,,,,,
333,BHL,8/8/20,390.2439024,Thalassia,below,,,,,
334,BHL,8/8/20,NA,Thalassia,below,,,,,
335,BHL,8/8/20,NA,Thalassia,below,,,,,
336,BHL,8/8/20,NA,Thalassia,below,,,,,
337,BHL,8/8/20,NA,Thalassia,below,,,,,
338,BHL,8/8/20,NA,Thalassia,below,,,,,
339,BHL,8/8/20,NA,Thalassia,below,,,,,
381,BHL,11/10/20,757.9945799,Thalassia,below,,,,,
382,BHL,11/10/20,682.9268293,Thalassia,below,,,,,
383,BHL,11/10/20,552.8455285,Thalassia,below,,,,,
384,BHL,11/10/20,382.1138211,Thalassia,below,,,,,
385,BHL,11/10/20,341.4634146,Thalassia,below,,,,,
386,BHL,11/10/20,1181.571816,Thalassia,below,,,,,
387,BHL,11/10/20,501.3550136,Thalassia,below,,,,,
388,BHL,11/10/20,360.4336043,Thalassia,below,,,,,
424,BHL,1/29/21,962.0596206,Thalassia,below,,,,,
425,BHL,1/29/21,593.495935,Thalassia,below,,,,,
426,BHL,1/29/21,631.4363144,Thalassia,below,,,,,
427,BHL,1/29/21,764.2276423,Thalassia,below,,,,,
428,BHL,1/29/21,604.3360434,Thalassia,below,,,,,
429,BHL,1/29/21,130.0813008,Thalassia,below,,,,,
430,BHL,1/29/21,168.0216802,Thalassia,below,,,,,
431,BHL,1/29/21,623.3062331,Thalassia,below,,,,,
432,BHL,1/29/21,116.5311653,Thalassia,below,,,,,
433,BHL,1/29/21,888.8888889,Thalassia,below,,,,,
434,BHL,1/29/21,921.4092141,Thalassia,below,,,,,
435,BHL,1/29/21,214.0921409,Thalassia,below,,,,,
436,BHL,1/29/21,368.5636856,Thalassia,below,,,,,
437,BHL,1/29/21,715.4471545,Thalassia,below,,,,,
438,BHL,1/29/21,NA,Thalassia,below,,,,,
519,BHL,4/30/21,542.0054201,Thalassia,below,,,,,
520,BHL,4/30/21,NA,Thalassia,below,,,,,
521,BHL,4/30/21,197.8319783,Thalassia,below,,,,,
522,BHL,4/30/21,168.0216802,Thalassia,below,,,,,
523,BHL,4/30/21,262.8726287,Thalassia,below,,,,,
524,BHL,4/30/21,623.3062331,Thalassia,below,,,,,
525,BHL,4/30/21,178.8617886,Thalassia,below,,,,,
526,BHL,4/30/21,35.2303523,Thalassia,below,,,,,
527,BHL,4/30/21,772.3577236,Thalassia,below,,,,,
528,BHL,4/30/21,466.1246612,Thalassia,below,,,,,
529,BHL,4/30/21,780.4878049,Thalassia,below,,,,,
530,BHL,4/30/21,195.1219512,Thalassia,below,,,,,
531,BHL,4/30/21,105.6910569,Thalassia,below,,,,,
532,BHL,4/30/21,173.4417344,Thalassia,below,,,,,
533,BHL,4/30/21,233.0623306,Thalassia,below,,,,,
534,BHL,4/30/21,NA,Thalassia,below,,,,,
535,BHL,1/19/20,NA,Halophila,Above,,,,,
536,BHL,1/19/20,NA,Halophila,Above,,,,,
537,BHL,1/19/20,NA,Halophila,Above,,,,,
538,BHL,1/19/20,NA,Halophila,Above,,,,,
539,BHL,1/19/20,NA,Halophila,Above,,,,,
540,BHL,1/19/20,NA,Halophila,Above,,,,,
541,BHL,1/19/20,NA,Halophila,Above,,,,,
542,BHL,1/19/20,NA,Halophila,Above,,,,,
543,BHL,1/19/20,NA,Halophila,Above,,,,,
544,BHL,1/19/20,NA,Halophila,Above,,,,,
545,BHL,1/19/20,NA,Halophila,Above,,,,,
546,BHL,1/19/20,NA,Halophila,Above,,,,,
547,BHL,1/19/20,NA,Halophila,Above,,,,,
548,BHL,1/19/20,NA,Halophila,Above,,,,,
592,BHL,8/8/20,10.8401084,Halophila,Above,,,,,
593,BHL,8/8/20,32.5203252,Halophila,Above,,,,,
594,BHL,8/8/20,56.91056911,Halophila,Above,,,,,
595,BHL,8/8/20,32.5203252,Halophila,Above,,,,,
596,BHL,8/8/20,2.7100271,Halophila,Above,,,,,
597,BHL,8/8/20,NA,Halophila,Above,,,,,
598,BHL,8/8/20,NA,Halophila,Above,,,,,
599,BHL,8/8/20,NA,Halophila,Above,,,,,
600,BHL,8/8/20,NA,Halophila,Above,,,,,
601,BHL,8/8/20,NA,Halophila,Above,,,,,
602,BHL,8/8/20,NA,Halophila,Above,,,,,
603,BHL,8/8/20,NA,Halophila,Above,,,,,
604,BHL,8/8/20,NA,Halophila,Above,,,,,
605,BHL,8/8/20,NA,Halophila,Above,,,,,
606,BHL,8/8/20,NA,Halophila,Above,,,,,
648,BHL,11/10/20,16.2601626,Halophila,Above,,,,,
649,BHL,11/10/20,67.75067751,Halophila,Above,,,,,
650,BHL,11/10/20,154.4715447,Halophila,Above,,,,,
651,BHL,11/10/20,94.85094851,Halophila,Above,,,,,
652,BHL,11/10/20,NA,Halophila,Above,,,,,
653,BHL,11/10/20,NA,Halophila,Above,,,,,
654,BHL,11/10/20,NA,Halophila,Above,,,,,
655,BHL,11/10/20,NA,Halophila,Above,,,,,
691,BHL,1/29/21,27.100271,Halophila,Above,,,,,
692,BHL,1/29/21,16.2601626,Halophila,Above,,,,,
693,BHL,1/29/21,29.8102981,Halophila,Above,,,,,
694,BHL,1/29/21,10.8401084,Halophila,Above,,,,,
695,BHL,1/29/21,5.420054201,Halophila,Above,,,,,
696,BHL,1/29/21,24.3902439,Halophila,Above,,,,,
697,BHL,1/29/21,16.2601626,Halophila,Above,,,,,
698,BHL,1/29/21,0.01,Halophila,Above,,,,,
699,BHL,1/29/21,40.6504065,Halophila,Above,,,,,
700,BHL,1/29/21,16.2601626,Halophila,Above,,,,,
701,BHL,1/29/21,NA,Halophila,Above,,,,,
702,BHL,1/29/21,NA,Halophila,Above,,,,,
703,BHL,1/29/21,NA,Halophila,Above,,,,,
704,BHL,1/29/21,NA,Halophila,Above,,,,,
705,BHL,1/29/21,NA,Halophila,Above,,,,,
786,BHL,4/30/21,18.9701897,Halophila,Above,,,,,
787,BHL,4/30/21,32.5203252,Halophila,Above,,,,,
788,BHL,4/30/21,13.5501355,Halophila,Above,,,,,
789,BHL,4/30/21,10.8401084,Halophila,Above,,,,,
790,BHL,4/30/21,135.501355,Halophila,Above,,,,,
791,BHL,4/30/21,24.3902439,Halophila,Above,,,,,
792,BHL,4/30/21,10.8401084,Halophila,Above,,,,,
793,BHL,4/30/21,70.46070461,Halophila,Above,,,,,
794,BHL,4/30/21,24.3902439,Halophila,Above,,,,,
795,BHL,4/30/21,5.420054201,Halophila,Above,,,,,
796,BHL,4/30/21,NA,Halophila,Above,,,,,
797,BHL,4/30/21,NA,Halophila,Above,,,,,
798,BHL,4/30/21,NA,Halophila,Above,,,,,
799,BHL,4/30/21,NA,Halophila,Above,,,,,
800,BHL,4/30/21,NA,Halophila,Above,,,,,
801,BHL,4/30/21,NA,Halophila,Above,,,,,
802,BHL,1/19/20,NA,Halophila,below,,,,,
803,BHL,1/19/20,NA,Halophila,below,,,,,
804,BHL,1/19/20,NA,Halophila,below,,,,,
805,BHL,1/19/20,NA,Halophila,below,,,,,
806,BHL,1/19/20,NA,Halophila,below,,,,,
807,BHL,1/19/20,NA,Halophila,below,,,,,
808,BHL,1/19/20,NA,Halophila,below,,,,,
809,BHL,1/19/20,NA,Halophila,below,,,,,
810,BHL,1/19/20,NA,Halophila,below,,,,,
811,BHL,1/19/20,NA,Halophila,below,,,,,
812,BHL,1/19/20,NA,Halophila,below,,,,,
813,BHL,1/19/20,NA,Halophila,below,,,,,
814,BHL,1/19/20,NA,Halophila,below,,,,,
815,BHL,1/19/20,NA,Halophila,below,,,,,
859,BHL,8/8/20,186.9918699,Halophila,below,,,,,
860,BHL,8/8/20,287.2628726,Halophila,below,,,,,
861,BHL,8/8/20,73.17073171,Halophila,below,,,,,
862,BHL,8/8/20,108.401084,Halophila,below,,,,,
863,BHL,8/8/20,97.56097561,Halophila,below,,,,,
864,BHL,8/8/20,NA,Halophila,below,,,,,
865,BHL,8/8/20,NA,Halophila,below,,,,,
866,BHL,8/8/20,NA,Halophila,below,,,,,
867,BHL,8/8/20,NA,Halophila,below,,,,,
868,BHL,8/8/20,NA,Halophila,below,,,,,
869,BHL,8/8/20,NA,Halophila,below,,,,,
870,BHL,8/8/20,NA,Halophila,below,,,,,
871,BHL,8/8/20,NA,Halophila,below,,,,,
872,BHL,8/8/20,NA,Halophila,below,,,,,
873,BHL,8/8/20,NA,Halophila,below,,,,,
915,BHL,11/10/20,287.2628726,Halophila,below,,,,,
916,BHL,11/10/20,222.2222222,Halophila,below,,,,,
917,BHL,11/10/20,186.9918699,Halophila,below,,,,,
918,BHL,11/10/20,184.2818428,Halophila,below,,,,,
919,BHL,11/10/20,NA,Halophila,below,,,,,
920,BHL,11/10/20,NA,Halophila,below,,,,,
921,BHL,11/10/20,NA,Halophila,below,,,,,
922,BHL,11/10/20,NA,Halophila,below,,,,,
958,BHL,1/29/21,2.7100271,Halophila,below,,,,,
959,BHL,1/29/21,0.01,Halophila,below,,,,,
960,BHL,1/29/21,94.85094851,Halophila,below,,,,,
961,BHL,1/29/21,35.2303523,Halophila,below,,,,,
962,BHL,1/29/21,65.04065041,Halophila,below,,,,,
963,BHL,1/29/21,75.88075881,Halophila,below,,,,,
964,BHL,1/29/21,27.100271,Halophila,below,,,,,
965,BHL,1/29/21,32.5203252,Halophila,below,,,,,
966,BHL,1/29/21,105.6910569,Halophila,below,,,,,
967,BHL,1/29/21,70.46070461,Halophila,below,,,,,
968,BHL,1/29/21,NA,Halophila,below,,,,,
969,BHL,1/29/21,NA,Halophila,below,,,,,
970,BHL,1/29/21,NA,Halophila,below,,,,,
971,BHL,1/29/21,NA,Halophila,below,,,,,
972,BHL,1/29/21,NA,Halophila,below,,,,,
1053,BHL,4/30/21,62.33062331,Halophila,below,,,,,
1054,BHL,4/30/21,67.75067751,Halophila,below,,,,,
1055,BHL,4/30/21,43.3604336,Halophila,below,,,,,
1056,BHL,4/30/21,135.501355,Halophila,below,,,,,
1057,BHL,4/30/21,143.6314363,Halophila,below,,,,,
1058,BHL,4/30/21,75.88075881,Halophila,below,,,,,
1059,BHL,4/30/21,149.0514905,Halophila,below,,,,,
1060,BHL,4/30/21,192.4119241,Halophila,below,,,,,
1061,BHL,4/30/21,67.75067751,Halophila,below,,,,,
1062,BHL,4/30/21,5.420054201,Halophila,below,,,,,
1063,BHL,4/30/21,NA,Halophila,below,,,,,
1064,BHL,4/30/21,NA,Halophila,below,,,,,
1065,BHL,4/30/21,NA,Halophila,below,,,,,
1066,BHL,4/30/21,NA,Halophila,below,,,,,
1067,BHL,4/30/21,NA,Halophila,below,,,,,
1068,BHL,4/30/21,NA,Halophila,below,,,,,
1069,BHL,1/19/20,NA,Syringodium,Above,,,,,
1070,BHL,1/19/20,NA,Syringodium,Above,,,,,
1071,BHL,1/19/20,NA,Syringodium,Above,,,,,
1072,BHL,1/19/20,NA,Syringodium,Above,,,,,
1073,BHL,1/19/20,NA,Syringodium,Above,,,,,
1074,BHL,1/19/20,NA,Syringodium,Above,,,,,
1075,BHL,1/19/20,NA,Syringodium,Above,,,,,
1076,BHL,1/19/20,NA,Syringodium,Above,,,,,
1077,BHL,1/19/20,NA,Syringodium,Above,,,,,
1078,BHL,1/19/20,NA,Syringodium,Above,,,,,
1079,BHL,1/19/20,NA,Syringodium,Above,,,,,
1080,BHL,1/19/20,NA,Syringodium,Above,,,,,
1081,BHL,1/19/20,NA,Syringodium,Above,,,,,
1082,BHL,1/19/20,NA,Syringodium,Above,,,,,
1126,BHL,8/8/20,21.6802168,Syringodium,Above,,,,,
1127,BHL,8/8/20,NA,Syringodium,Above,,,,,
1128,BHL,8/8/20,NA,Syringodium,Above,,,,,
1129,BHL,8/8/20,NA,Syringodium,Above,,,,,
1130,BHL,8/8/20,NA,Syringodium,Above,,,,,
1131,BHL,8/8/20,NA,Syringodium,Above,,,,,
1132,BHL,8/8/20,NA,Syringodium,Above,,,,,
1133,BHL,8/8/20,NA,Syringodium,Above,,,,,
1134,BHL,8/8/20,NA,Syringodium,Above,,,,,
1135,BHL,8/8/20,NA,Syringodium,Above,,,,,
1136,BHL,8/8/20,NA,Syringodium,Above,,,,,
1137,BHL,8/8/20,NA,Syringodium,Above,,,,,
1138,BHL,8/8/20,NA,Syringodium,Above,,,,,
1139,BHL,8/8/20,NA,Syringodium,Above,,,,,
1140,BHL,8/8/20,NA,Syringodium,Above,,,,,
1182,BHL,11/10/20,100.2710027,Syringodium,Above,,,,,
1183,BHL,11/10/20,352.303523,Syringodium,Above,,,,,
1184,BHL,11/10/20,97.56097561,Syringodium,Above,,,,,
1185,BHL,11/10/20,260.1626016,Syringodium,Above,,,,,
1186,BHL,11/10/20,NA,Syringodium,Above,,,,,
1187,BHL,11/10/20,NA,Syringodium,Above,,,,,
1188,BHL,11/10/20,NA,Syringodium,Above,,,,,
1189,BHL,11/10/20,NA,Syringodium,Above,,,,,
1225,BHL,1/29/21,2.7100271,Syringodium,Above,,,,,
1226,BHL,1/29/21,2.7100271,Syringodium,Above,,,,,
1227,BHL,1/29/21,2.7100271,Syringodium,Above,,,,,
1228,BHL,1/29/21,2.7100271,Syringodium,Above,,,,,
1229,BHL,1/29/21,32.5203252,Syringodium,Above,,,,,
1230,BHL,1/29/21,NA,Syringodium,Above,,,,,
1231,BHL,1/29/21,NA,Syringodium,Above,,,,,
1232,BHL,1/29/21,NA,Syringodium,Above,,,,,
1233,BHL,1/29/21,NA,Syringodium,Above,,,,,
1234,BHL,1/29/21,NA,Syringodium,Above,,,,,
1235,BHL,1/29/21,NA,Syringodium,Above,,,,,
1236,BHL,1/29/21,NA,Syringodium,Above,,,,,
1237,BHL,1/29/21,NA,Syringodium,Above,,,,,
1238,BHL,1/29/21,NA,Syringodium,Above,,,,,
1239,BHL,1/29/21,NA,Syringodium,Above,,,,,
1320,BHL,4/30/21,2.7100271,Syringodium,Above,,,,,
1321,BHL,4/30/21,5.420054201,Syringodium,Above,,,,,
1322,BHL,4/30/21,2.7100271,Syringodium,Above,,,,,
1323,BHL,4/30/21,10.8401084,Syringodium,Above,,,,,
1324,BHL,4/30/21,5.420054201,Syringodium,Above,,,,,
1325,BHL,4/30/21,13.5501355,Syringodium,Above,,,,,
1326,BHL,4/30/21,32.5203252,Syringodium,Above,,,,,
1327,BHL,4/30/21,84.01084011,Syringodium,Above,,,,,
1328,BHL,4/30/21,5.420054201,Syringodium,Above,,,,,
1329,BHL,4/30/21,2.7100271,Syringodium,Above,,,,,
1330,BHL,4/30/21,NA,Syringodium,Above,,,,,
1331,BHL,4/30/21,NA,Syringodium,Above,,,,,
1332,BHL,4/30/21,NA,Syringodium,Above,,,,,
1333,BHL,4/30/21,NA,Syringodium,Above,,,,,
1334,BHL,4/30/21,NA,Syringodium,Above,,,,,
1335,BHL,4/30/21,NA,Syringodium,Above,,,,,
1336,BHL,1/19/20,NA,Syringodium,below,,,,,
1337,BHL,1/19/20,NA,Syringodium,below,,,,,
1338,BHL,1/19/20,NA,Syringodium,below,,,,,
1339,BHL,1/19/20,NA,Syringodium,below,,,,,
1340,BHL,1/19/20,NA,Syringodium,below,,,,,
1341,BHL,1/19/20,NA,Syringodium,below,,,,,
1342,BHL,1/19/20,NA,Syringodium,below,,,,,
1343,BHL,1/19/20,NA,Syringodium,below,,,,,
1344,BHL,1/19/20,NA,Syringodium,below,,,,,
1345,BHL,1/19/20,NA,Syringodium,below,,,,,
1346,BHL,1/19/20,NA,Syringodium,below,,,,,
1347,BHL,1/19/20,NA,Syringodium,below,,,,,
1348,BHL,1/19/20,NA,Syringodium,below,,,,,
1349,BHL,1/19/20,NA,Syringodium,below,,,,,
1393,BHL,8/8/20,138.2113821,Syringodium,below,,,,,
1394,BHL,8/8/20,NA,Syringodium,below,,,,,
1395,BHL,8/8/20,NA,Syringodium,below,,,,,
1396,BHL,8/8/20,NA,Syringodium,below,,,,,
1397,BHL,8/8/20,NA,Syringodium,below,,,,,
1398,BHL,8/8/20,NA,Syringodium,below,,,,,
1399,BHL,8/8/20,NA,Syringodium,below,,,,,
1400,BHL,8/8/20,NA,Syringodium,below,,,,,
1401,BHL,8/8/20,NA,Syringodium,below,,,,,
1402,BHL,8/8/20,NA,Syringodium,below,,,,,
1403,BHL,8/8/20,NA,Syringodium,below,,,,,
1404,BHL,8/8/20,NA,Syringodium,below,,,,,
1405,BHL,8/8/20,NA,Syringodium,below,,,,,
1406,BHL,8/8/20,NA,Syringodium,below,,,,,
1407,BHL,8/8/20,NA,Syringodium,below,,,,,
1449,BHL,11/10/20,422.7642276,Syringodium,below,,,,,
1450,BHL,11/10/20,165.3116531,Syringodium,below,,,,,
1451,BHL,11/10/20,165.3116531,Syringodium,below,,,,,
1452,BHL,11/10/20,105.6910569,Syringodium,below,,,,,
1453,BHL,11/10/20,NA,Syringodium,below,,,,,
1454,BHL,11/10/20,NA,Syringodium,below,,,,,
1455,BHL,11/10/20,NA,Syringodium,below,,,,,
1456,BHL,11/10/20,NA,Syringodium,below,,,,,
1492,BHL,1/29/21,100.2710027,Syringodium,below,,,,,
1493,BHL,1/29/21,32.5203252,Syringodium,below,,,,,
1494,BHL,1/29/21,18.9701897,Syringodium,below,,,,,
1495,BHL,1/29/21,40.6504065,Syringodium,below,,,,,
1496,BHL,1/29/21,159.8915989,Syringodium,below,,,,,
1497,BHL,1/29/21,NA,Syringodium,below,,,,,
1498,BHL,1/29/21,NA,Syringodium,below,,,,,
1499,BHL,1/29/21,NA,Syringodium,below,,,,,
1500,BHL,1/29/21,NA,Syringodium,below,,,,,
1501,BHL,1/29/21,NA,Syringodium,below,,,,,
1502,BHL,1/29/21,NA,Syringodium,below,,,,,
1503,BHL,1/29/21,NA,Syringodium,below,,,,,
1504,BHL,1/29/21,NA,Syringodium,below,,,,,
1505,BHL,1/29/21,NA,Syringodium,below,,,,,
1506,BHL,1/29/21,NA,Syringodium,below,,,,,
1587,BHL,4/30/21,65.04065041,Syringodium,below,,,,,
1588,BHL,4/30/21,54.20054201,Syringodium,below,,,,,
1589,BHL,4/30/21,48.7804878,Syringodium,below,,,,,
1590,BHL,4/30/21,97.56097561,Syringodium,below,,,,,
1591,BHL,4/30/21,29.8102981,Syringodium,below,,,,,
1592,BHL,4/30/21,211.3821138,Syringodium,below,,,,,
1593,BHL,4/30/21,111.1111111,Syringodium,below,,,,,
1594,BHL,4/30/21,308.9430894,Syringodium,below,,,,,
1595,BHL,4/30/21,29.8102981,Syringodium,below,,,,,
1596,BHL,4/30/21,6.233062331,Syringodium,below,,,,,
1597,BHL,4/30/21,NA,Syringodium,below,,,,,
1598,BHL,4/30/21,NA,Syringodium,below,,,,,
1599,BHL,4/30/21,NA,Syringodium,below,,,,,
1600,BHL,4/30/21,NA,Syringodium,below,,,,,
1601,BHL,4/30/21,NA,Syringodium,below,,,,,
1602,BHL,4/30/21,NA,Syringodium,below,,,,,
1603,BHL,1/19/20,NA,Halodule,Above,,,,,
1604,BHL,1/19/20,NA,Halodule,Above,,,,,
1605,BHL,1/19/20,NA,Halodule,Above,,,,,
1606,BHL,1/19/20,NA,Halodule,Above,,,,,
1607,BHL,1/19/20,NA,Halodule,Above,,,,,
1608,BHL,1/19/20,NA,Halodule,Above,,,,,
1609,BHL,1/19/20,NA,Halodule,Above,,,,,
1610,BHL,1/19/20,NA,Halodule,Above,,,,,
1611,BHL,1/19/20,NA,Halodule,Above,,,,,
1612,BHL,1/19/20,NA,Halodule,Above,,,,,
1613,BHL,1/19/20,NA,Halodule,Above,,,,,
1614,BHL,1/19/20,NA,Halodule,Above,,,,,
1615,BHL,1/19/20,NA,Halodule,Above,,,,,
1616,BHL,1/19/20,NA,Halodule,Above,,,,,
1660,BHL,8/8/20,NA,Halodule,Above,,,,,
1661,BHL,8/8/20,NA,Halodule,Above,,,,,
1662,BHL,8/8/20,NA,Halodule,Above,,,,,
1663,BHL,8/8/20,NA,Halodule,Above,,,,,
1664,BHL,8/8/20,NA,Halodule,Above,,,,,
1665,BHL,8/8/20,NA,Halodule,Above,,,,,
1666,BHL,8/8/20,NA,Halodule,Above,,,,,
1667,BHL,8/8/20,NA,Halodule,Above,,,,,
1668,BHL,8/8/20,NA,Halodule,Above,,,,,
1669,BHL,8/8/20,NA,Halodule,Above,,,,,
1670,BHL,8/8/20,NA,Halodule,Above,,,,,
1671,BHL,8/8/20,NA,Halodule,Above,,,,,
1672,BHL,8/8/20,NA,Halodule,Above,,,,,
1673,BHL,8/8/20,NA,Halodule,Above,,,,,
1674,BHL,8/8/20,NA,Halodule,Above,,,,,
1716,BHL,11/10/20,NA,Halodule,Above,,,,,
1717,BHL,11/10/20,NA,Halodule,Above,,,,,
1718,BHL,11/10/20,NA,Halodule,Above,,,,,
1719,BHL,11/10/20,NA,Halodule,Above,,,,,
1720,BHL,11/10/20,NA,Halodule,Above,,,,,
1721,BHL,11/10/20,NA,Halodule,Above,,,,,
1722,BHL,11/10/20,NA,Halodule,Above,,,,,
1723,BHL,11/10/20,NA,Halodule,Above,,,,,
1759,BHL,1/29/21,13.5501355,Halodule,Above,,,,,
1760,BHL,1/29/21,2.7100271,Halodule,Above,,,,,
1761,BHL,1/29/21,18.9701897,Halodule,Above,,,,,
1762,BHL,1/29/21,59.62059621,Halodule,Above,,,,,
1763,BHL,1/29/21,NA,Halodule,Above,,,,,
1764,BHL,1/29/21,NA,Halodule,Above,,,,,
1765,BHL,1/29/21,NA,Halodule,Above,,,,,
1766,BHL,1/29/21,NA,Halodule,Above,,,,,
1767,BHL,1/29/21,NA,Halodule,Above,,,,,
1768,BHL,1/29/21,NA,Halodule,Above,,,,,
1769,BHL,1/29/21,NA,Halodule,Above,,,,,
1770,BHL,1/29/21,NA,Halodule,Above,,,,,
1771,BHL,1/29/21,NA,Halodule,Above,,,,,
1772,BHL,1/29/21,NA,Halodule,Above,,,,,
1773,BHL,1/29/21,NA,Halodule,Above,,,,,
1854,BHL,4/30/21,8.130081301,Halodule,Above,,,,,
1855,BHL,4/30/21,2.7100271,Halodule,Above,,,,,
1856,BHL,4/30/21,48.7804878,Halodule,Above,,,,,
1857,BHL,4/30/21,NA,Halodule,Above,,,,,
1858,BHL,4/30/21,NA,Halodule,Above,,,,,
1859,BHL,4/30/21,NA,Halodule,Above,,,,,
1860,BHL,4/30/21,NA,Halodule,Above,,,,,
1861,BHL,4/30/21,NA,Halodule,Above,,,,,
1862,BHL,4/30/21,NA,Halodule,Above,,,,,
1863,BHL,4/30/21,NA,Halodule,Above,,,,,
1864,BHL,4/30/21,NA,Halodule,Above,,,,,
1865,BHL,4/30/21,NA,Halodule,Above,,,,,
1866,BHL,4/30/21,NA,Halodule,Above,,,,,
1867,BHL,4/30/21,NA,Halodule,Above,,,,,
1868,BHL,4/30/21,NA,Halodule,Above,,,,,
1869,BHL,4/30/21,NA,Halodule,Above,,,,,
1870,BHL,1/19/20,NA,Halodule,below,,,,,
1871,BHL,1/19/20,NA,Halodule,below,,,,,
1872,BHL,1/19/20,NA,Halodule,below,,,,,
1873,BHL,1/19/20,NA,Halodule,below,,,,,
1874,BHL,1/19/20,NA,Halodule,below,,,,,
1875,BHL,1/19/20,NA,Halodule,below,,,,,
1876,BHL,1/19/20,NA,Halodule,below,,,,,
1877,BHL,1/19/20,NA,Halodule,below,,,,,
1878,BHL,1/19/20,NA,Halodule,below,,,,,
1879,BHL,1/19/20,NA,Halodule,below,,,,,
1880,BHL,1/19/20,NA,Halodule,below,,,,,
1881,BHL,1/19/20,NA,Halodule,below,,,,,
1882,BHL,1/19/20,NA,Halodule,below,,,,,
1883,BHL,1/19/20,NA,Halodule,below,,,,,
1927,BHL,8/8/20,NA,Halodule,below,,,,,
1928,BHL,8/8/20,NA,Halodule,below,,,,,
1929,BHL,8/8/20,NA,Halodule,below,,,,,
1930,BHL,8/8/20,NA,Halodule,below,,,,,
1931,BHL,8/8/20,NA,Halodule,below,,,,,
1932,BHL,8/8/20,NA,Halodule,below,,,,,
1933,BHL,8/8/20,NA,Halodule,below,,,,,
1934,BHL,8/8/20,NA,Halodule,below,,,,,
1935,BHL,8/8/20,NA,Halodule,below,,,,,
1936,BHL,8/8/20,NA,Halodule,below,,,,,
1937,BHL,8/8/20,NA,Halodule,below,,,,,
1938,BHL,8/8/20,NA,Halodule,below,,,,,
1939,BHL,8/8/20,NA,Halodule,below,,,,,
1940,BHL,8/8/20,NA,Halodule,below,,,,,
1941,BHL,8/8/20,NA,Halodule,below,,,,,
1983,BHL,11/10/20,NA,Halodule,below,,,,,
1984,BHL,11/10/20,NA,Halodule,below,,,,,
1985,BHL,11/10/20,NA,Halodule,below,,,,,
1986,BHL,11/10/20,NA,Halodule,below,,,,,
1987,BHL,11/10/20,NA,Halodule,below,,,,,
1988,BHL,11/10/20,NA,Halodule,below,,,,,
1989,BHL,11/10/20,NA,Halodule,below,,,,,
1990,BHL,11/10/20,NA,Halodule,below,,,,,
2026,BHL,1/29/21,29.8102981,Halodule,below,,,,,
2027,BHL,1/29/21,29.8102981,Halodule,below,,,,,
2028,BHL,1/29/21,111.1111111,Halodule,below,,,,,
2029,BHL,1/29/21,143.6314363,Halodule,below,,,,,
2030,BHL,1/29/21,NA,Halodule,below,,,,,
2031,BHL,1/29/21,NA,Halodule,below,,,,,
2032,BHL,1/29/21,NA,Halodule,below,,,,,
2033,BHL,1/29/21,NA,Halodule,below,,,,,
2034,BHL,1/29/21,NA,Halodule,below,,,,,
2035,BHL,1/29/21,NA,Halodule,below,,,,,
2036,BHL,1/29/21,NA,Halodule,below,,,,,
2037,BHL,1/29/21,NA,Halodule,below,,,,,
2038,BHL,1/29/21,NA,Halodule,below,,,,,
2039,BHL,1/29/21,NA,Halodule,below,,,,,
2040,BHL,1/29/21,NA,Halodule,below,,,,,
2121,BHL,4/30/21,81.30081301,Halodule,below,,,,,
2122,BHL,4/30/21,46.0704607,Halodule,below,,,,,
2123,BHL,4/30/21,81.30081301,Halodule,below,,,,,
2124,BHL,4/30/21,NA,Halodule,below,,,,,
2125,BHL,4/30/21,NA,Halodule,below,,,,,
2126,BHL,4/30/21,NA,Halodule,below,,,,,
2127,BHL,4/30/21,NA,Halodule,below,,,,,
2128,BHL,4/30/21,NA,Halodule,below,,,,,
2129,BHL,4/30/21,NA,Halodule,below,,,,,
2130,BHL,4/30/21,NA,Halodule,below,,,,,
2131,BHL,4/30/21,NA,Halodule,below,,,,,
2132,BHL,4/30/21,NA,Halodule,below,,,,,
2133,BHL,4/30/21,NA,Halodule,below,,,,,
2134,BHL,4/30/21,NA,Halodule,below,,,,,
2135,BHL,4/30/21,NA,Halodule,below,,,,,
2136,BHL,4/30/21,NA,Halodule,below,,,,,
29,ENO,1/19/20,NA,Thalassia,Above,,,,,
30,ENO,1/19/20,NA,Thalassia,Above,,,,,
31,ENO,1/19/20,NA,Thalassia,Above,,,,,
32,ENO,1/19/20,NA,Thalassia,Above,,,,,
33,ENO,1/19/20,NA,Thalassia,Above,,,,,
34,ENO,1/19/20,NA,Thalassia,Above,,,,,
35,ENO,1/19/20,NA,Thalassia,Above,,,,,
36,ENO,1/19/20,NA,Thalassia,Above,,,,,
37,ENO,1/19/20,NA,Thalassia,Above,,,,,
38,ENO,1/19/20,NA,Thalassia,Above,,,,,
39,ENO,1/19/20,NA,Thalassia,Above,,,,,
40,ENO,1/19/20,NA,Thalassia,Above,,,,,
41,ENO,1/19/20,NA,Thalassia,Above,,,,,
42,ENO,1/19/20,NA,Thalassia,Above,,,,,
87,ENO,8/8/20,37.9403794,Thalassia,Above,,,,,
88,ENO,8/8/20,29.8102981,Thalassia,Above,,,,,
89,ENO,8/8/20,149.0514905,Thalassia,Above,,,,,
90,ENO,8/8/20,119.2411924,Thalassia,Above,,,,,
91,ENO,8/8/20,151.7615176,Thalassia,Above,,,,,
92,ENO,8/8/20,94.85094851,Thalassia,Above,,,,,
93,ENO,8/8/20,16.2601626,Thalassia,Above,,,,,
94,ENO,8/8/20,54.20054201,Thalassia,Above,,,,,
95,ENO,8/8/20,54.20054201,Thalassia,Above,,,,,
96,ENO,8/8/20,NA,Thalassia,Above,,,,,
97,ENO,8/8/20,NA,Thalassia,Above,,,,,
98,ENO,8/8/20,NA,Thalassia,Above,,,,,
99,ENO,8/8/20,NA,Thalassia,Above,,,,,
100,ENO,8/8/20,NA,Thalassia,Above,,,,,
101,ENO,8/8/20,NA,Thalassia,Above,,,,,
135,ENO,11/10/20,292.6829268,Thalassia,Above,,,,,
136,ENO,11/10/20,18.9701897,Thalassia,Above,,,,,
137,ENO,11/10/20,37.9403794,Thalassia,Above,,,,,
138,ENO,11/10/20,0.01,Thalassia,Above,,,,,
139,ENO,11/10/20,16.2601626,Thalassia,Above,,,,,
140,ENO,11/10/20,40.6504065,Thalassia,Above,,,,,
141,ENO,11/10/20,0.01,Thalassia,Above,,,,,
142,ENO,11/10/20,224.9322493,Thalassia,Above,,,,,
143,ENO,11/10/20,NA,Thalassia,Above,,,,,
144,ENO,11/10/20,NA,Thalassia,Above,,,,,
145,ENO,11/10/20,NA,Thalassia,Above,,,,,
146,ENO,11/10/20,NA,Thalassia,Above,,,,,
188,ENO,1/29/21,81.30081301,Thalassia,Above,,,,,
189,ENO,1/29/21,5.420054201,Thalassia,Above,,,,,
190,ENO,1/29/21,292.6829268,Thalassia,Above,,,,,
191,ENO,1/29/21,81.30081301,Thalassia,Above,,,,,
192,ENO,1/29/21,124.6612466,Thalassia,Above,,,,,
193,ENO,1/29/21,59.62059621,Thalassia,Above,,,,,
194,ENO,1/29/21,151.7615176,Thalassia,Above,,,,,
195,ENO,1/29/21,176.1517615,Thalassia,Above,,,,,
196,ENO,1/29/21,46.0704607,Thalassia,Above,,,,,
197,ENO,1/29/21,16.2601626,Thalassia,Above,,,,,
198,ENO,1/29/21,21.6802168,Thalassia,Above,,,,,
199,ENO,1/29/21,151.7615176,Thalassia,Above,,,,,
240,ENO,4/30/21,504.0650407,Thalassia,Above,,,,,
241,ENO,4/30/21,43.3604336,Thalassia,Above,,,,,
242,ENO,4/30/21,330.6233062,Thalassia,Above,,,,,
243,ENO,4/30/21,238.4823848,Thalassia,Above,,,,,
244,ENO,4/30/21,119.2411924,Thalassia,Above,,,,,
245,ENO,4/30/21,48.7804878,Thalassia,Above,,,,,
246,ENO,4/30/21,32.5203252,Thalassia,Above,,,,,
247,ENO,4/30/21,327.9132791,Thalassia,Above,,,,,
248,ENO,4/30/21,149.0514905,Thalassia,Above,,,,,
249,ENO,4/30/21,29.8102981,Thalassia,Above,,,,,
250,ENO,4/30/21,32.5203252,Thalassia,Above,,,,,
296,ENO,1/19/20,NA,Thalassia,below,,,,,
297,ENO,1/19/20,NA,Thalassia,below,,,,,
298,ENO,1/19/20,NA,Thalassia,below,,,,,
299,ENO,1/19/20,NA,Thalassia,below,,,,,
300,ENO,1/19/20,NA,Thalassia,below,,,,,
301,ENO,1/19/20,NA,Thalassia,below,,,,,
302,ENO,1/19/20,NA,Thalassia,below,,,,,
303,ENO,1/19/20,NA,Thalassia,below,,,,,
304,ENO,1/19/20,NA,Thalassia,below,,,,,
305,ENO,1/19/20,NA,Thalassia,below,,,,,
306,ENO,1/19/20,NA,Thalassia,below,,,,,
307,ENO,1/19/20,NA,Thalassia,below,,,,,
308,ENO,1/19/20,NA,Thalassia,below,,,,,
309,ENO,1/19/20,NA,Thalassia,below,,,,,
354,ENO,8/8/20,37.9403794,Thalassia,below,,,,,
355,ENO,8/8/20,35.2303523,Thalassia,below,,,,,
356,ENO,8/8/20,154.4715447,Thalassia,below,,,,,
357,ENO,8/8/20,214.0921409,Thalassia,below,,,,,
358,ENO,8/8/20,176.1517615,Thalassia,below,,,,,
359,ENO,8/8/20,262.8726287,Thalassia,below,,,,,
360,ENO,8/8/20,176.1517615,Thalassia,below,,,,,
361,ENO,8/8/20,102.9810298,Thalassia,below,,,,,
362,ENO,8/8/20,151.7615176,Thalassia,below,,,,,
363,ENO,8/8/20,NA,Thalassia,below,,,,,
364,ENO,8/8/20,NA,Thalassia,below,,,,,
365,ENO,8/8/20,NA,Thalassia,below,,,,,
366,ENO,8/8/20,NA,Thalassia,below,,,,,
367,ENO,8/8/20,NA,Thalassia,below,,,,,
368,ENO,8/8/20,NA,Thalassia,below,,,,,
402,ENO,11/10/20,222.2222222,Thalassia,below,,,,,
403,ENO,11/10/20,146.3414634,Thalassia,below,,,,,
404,ENO,11/10/20,89.43089431,Thalassia,below,,,,,
405,ENO,11/10/20,241.1924119,Thalassia,below,,,,,
406,ENO,11/10/20,NA,Thalassia,below,,,,,
407,ENO,11/10/20,94.85094851,Thalassia,below,,,,,
408,ENO,11/10/20,73.17073171,Thalassia,below,,,,,
409,ENO,11/10/20,271.00271,Thalassia,below,,,,,
410,ENO,11/10/20,NA,Thalassia,below,,,,,
411,ENO,11/10/20,NA,Thalassia,below,,,,,
412,ENO,11/10/20,NA,Thalassia,below,,,,,
413,ENO,11/10/20,NA,Thalassia,below,,,,,
455,ENO,1/29/21,67.75067751,Thalassia,below,,,,,
456,ENO,1/29/21,65.04065041,Thalassia,below,,,,,
457,ENO,1/29/21,300.8130081,Thalassia,below,,,,,
458,ENO,1/29/21,271.00271,Thalassia,below,,,,,
459,ENO,1/29/21,67.75067751,Thalassia,below,,,,,
460,ENO,1/29/21,119.2411924,Thalassia,below,,,,,
461,ENO,1/29/21,471.5447154,Thalassia,below,,,,,
462,ENO,1/29/21,550.1355014,Thalassia,below,,,,,
463,ENO,1/29/21,238.4823848,Thalassia,below,,,,,
464,ENO,1/29/21,86.72086721,Thalassia,below,,,,,
465,ENO,1/29/21,NA,Thalassia,below,,,,,
466,ENO,1/29/21,108.401084,Thalassia,below,,,,,
507,ENO,4/30/21,723.5772358,Thalassia,below,,,,,
508,ENO,4/30/21,317.0731707,Thalassia,below,,,,,
509,ENO,4/30/21,379.403794,Thalassia,below,,,,,
510,ENO,4/30/21,504.0650407,Thalassia,below,,,,,
511,ENO,4/30/21,444.4444444,Thalassia,below,,,,,
512,ENO,4/30/21,533.8753388,Thalassia,below,,,,,
513,ENO,4/30/21,NA,Thalassia,below,,,,,
514,ENO,4/30/21,929.5392954,Thalassia,below,,,,,
515,ENO,4/30/21,271.00271,Thalassia,below,,,,,
516,ENO,4/30/21,81.30081301,Thalassia,below,,,,,
517,ENO,4/30/21,48.7804878,Thalassia,below,,,,,
563,ENO,1/19/20,NA,Halophila,Above,,,,,
564,ENO,1/19/20,NA,Halophila,Above,,,,,
565,ENO,1/19/20,NA,Halophila,Above,,,,,
566,ENO,1/19/20,NA,Halophila,Above,,,,,
567,ENO,1/19/20,NA,Halophila,Above,,,,,
568,ENO,1/19/20,NA,Halophila,Above,,,,,
569,ENO,1/19/20,NA,Halophila,Above,,,,,
570,ENO,1/19/20,NA,Halophila,Above,,,,,
571,ENO,1/19/20,NA,Halophila,Above,,,,,
572,ENO,1/19/20,NA,Halophila,Above,,,,,
573,ENO,1/19/20,NA,Halophila,Above,,,,,
574,ENO,1/19/20,NA,Halophila,Above,,,,,
575,ENO,1/19/20,NA,Halophila,Above,,,,,
576,ENO,1/19/20,NA,Halophila,Above,,,,,
621,ENO,8/8/20,84.01084011,Halophila,Above,,,,,
622,ENO,8/8/20,2.7100271,Halophila,Above,,,,,
623,ENO,8/8/20,29.8102981,Halophila,Above,,,,,
624,ENO,8/8/20,121.9512195,Halophila,Above,,,,,
625,ENO,8/8/20,35.2303523,Halophila,Above,,,,,
626,ENO,8/8/20,NA,Halophila,Above,,,,,
627,ENO,8/8/20,NA,Halophila,Above,,,,,
628,ENO,8/8/20,NA,Halophila,Above,,,,,
629,ENO,8/8/20,NA,Halophila,Above,,,,,
630,ENO,8/8/20,NA,Halophila,Above,,,,,
631,ENO,8/8/20,NA,Halophila,Above,,,,,
632,ENO,8/8/20,NA,Halophila,Above,,,,,
633,ENO,8/8/20,NA,Halophila,Above,,,,,
634,ENO,8/8/20,NA,Halophila,Above,,,,,
635,ENO,8/8/20,NA,Halophila,Above,,,,,
669,ENO,11/10/20,140.9214092,Halophila,Above,,,,,
670,ENO,11/10/20,149.0514905,Halophila,Above,,,,,
671,ENO,11/10/20,59.62059621,Halophila,Above,,,,,
672,ENO,11/10/20,111.1111111,Halophila,Above,,,,,
673,ENO,11/10/20,5.420054201,Halophila,Above,,,,,
674,ENO,11/10/20,10.8401084,Halophila,Above,,,,,
675,ENO,11/10/20,70.46070461,Halophila,Above,,,,,
676,ENO,11/10/20,NA,Halophila,Above,,,,,
677,ENO,11/10/20,8.130081301,Halophila,Above,,,,,
678,ENO,11/10/20,21.6802168,Halophila,Above,,,,,
679,ENO,11/10/20,102.9810298,Halophila,Above,,,,,
680,ENO,11/10/20,46.0704607,Halophila,Above,,,,,
722,ENO,1/29/21,16.2601626,Halophila,Above,,,,,
723,ENO,1/29/21,32.5203252,Halophila,Above,,,,,
724,ENO,1/29/21,5.420054201,Halophila,Above,,,,,
725,ENO,1/29/21,89.43089431,Halophila,Above,,,,,
726,ENO,1/29/21,157.1815718,Halophila,Above,,,,,
727,ENO,1/29/21,16.2601626,Halophila,Above,,,,,
728,ENO,1/29/21,NA,Halophila,Above,,,,,
729,ENO,1/29/21,NA,Halophila,Above,,,,,
730,ENO,1/29/21,NA,Halophila,Above,,,,,
731,ENO,1/29/21,NA,Halophila,Above,,,,,
732,ENO,1/29/21,NA,Halophila,Above,,,,,
733,ENO,1/29/21,NA,Halophila,Above,,,,,
774,ENO,4/30/21,67.75067751,Halophila,Above,,,,,
775,ENO,4/30/21,8.130081301,Halophila,Above,,,,,
776,ENO,4/30/21,512.195122,Halophila,Above,,,,,
777,ENO,4/30/21,48.7804878,Halophila,Above,,,,,
778,ENO,4/30/21,29.8102981,Halophila,Above,,,,,
779,ENO,4/30/21,65.04065041,Halophila,Above,,,,,
780,ENO,4/30/21,43.3604336,Halophila,Above,,,,,
781,ENO,4/30/21,NA,Halophila,Above,,,,,
782,ENO,4/30/21,NA,Halophila,Above,,,,,
783,ENO,4/30/21,NA,Halophila,Above,,,,,
784,ENO,4/30/21,NA,Halophila,Above,,,,,
830,ENO,1/19/20,NA,Halophila,below,,,,,
831,ENO,1/19/20,NA,Halophila,below,,,,,
832,ENO,1/19/20,NA,Halophila,below,,,,,
833,ENO,1/19/20,NA,Halophila,below,,,,,
834,ENO,1/19/20,NA,Halophila,below,,,,,
835,ENO,1/19/20,NA,Halophila,below,,,,,
836,ENO,1/19/20,NA,Halophila,below,,,,,
837,ENO,1/19/20,NA,Halophila,below,,,,,
838,ENO,1/19/20,NA,Halophila,below,,,,,
839,ENO,1/19/20,NA,Halophila,below,,,,,
840,ENO,1/19/20,NA,Halophila,below,,,,,
841,ENO,1/19/20,NA,Halophila,below,,,,,
842,ENO,1/19/20,NA,Halophila,below,,,,,
843,ENO,1/19/20,NA,Halophila,below,,,,,
888,ENO,8/8/20,5.420054201,Halophila,below,,,,,
889,ENO,8/8/20,146.3414634,Halophila,below,,,,,
890,ENO,8/8/20,2.7100271,Halophila,below,,,,,
891,ENO,8/8/20,102.9810298,Halophila,below,,,,,
892,ENO,8/8/20,157.1815718,Halophila,below,,,,,
893,ENO,8/8/20,127.3712737,Halophila,below,,,,,
894,ENO,8/8/20,NA,Halophila,below,,,,,
895,ENO,8/8/20,NA,Halophila,below,,,,,
896,ENO,8/8/20,NA,Halophila,below,,,,,
897,ENO,8/8/20,NA,Halophila,below,,,,,
898,ENO,8/8/20,NA,Halophila,below,,,,,
899,ENO,8/8/20,NA,Halophila,below,,,,,
900,ENO,8/8/20,NA,Halophila,below,,,,,
901,ENO,8/8/20,NA,Halophila,below,,,,,
902,ENO,8/8/20,NA,Halophila,below,,,,,
936,ENO,11/10/20,113.8211382,Halophila,below,,,,,
937,ENO,11/10/20,319.7831978,Halophila,below,,,,,
938,ENO,11/10/20,51.49051491,Halophila,below,,,,,
939,ENO,11/10/20,81.30081301,Halophila,below,,,,,
940,ENO,11/10/20,13.5501355,Halophila,below,,,,,
941,ENO,11/10/20,13.5501355,Halophila,below,,,,,
942,ENO,11/10/20,18.9701897,Halophila,below,,,,,
943,ENO,11/10/20,54.20054201,Halophila,below,,,,,
944,ENO,11/10/20,43.3604336,Halophila,below,,,,,
945,ENO,11/10/20,46.0704607,Halophila,below,,,,,
946,ENO,11/10/20,184.2818428,Halophila,below,,,,,
947,ENO,11/10/20,92.14092141,Halophila,below,,,,,
989,ENO,1/29/21,37.9403794,Halophila,below,,,,,
990,ENO,1/29/21,16.2601626,Halophila,below,,,,,
991,ENO,1/29/21,73.17073171,Halophila,below,,,,,
992,ENO,1/29/21,102.9810298,Halophila,below,,,,,
993,ENO,1/29/21,189.701897,Halophila,below,,,,,
994,ENO,1/29/21,48.7804878,Halophila,below,,,,,
995,ENO,1/29/21,NA,Halophila,below,,,,,
996,ENO,1/29/21,NA,Halophila,below,,,,,
997,ENO,1/29/21,NA,Halophila,below,,,,,
998,ENO,1/29/21,NA,Halophila,below,,,,,
999,ENO,1/29/21,NA,Halophila,below,,,,,
1000,ENO,1/29/21,NA,Halophila,below,,,,,
1041,ENO,4/30/21,46.0704607,Halophila,below,,,,,
1042,ENO,4/30/21,35.2303523,Halophila,below,,,,,
1043,ENO,4/30/21,449.8644986,Halophila,below,,,,,
1044,ENO,4/30/21,32.5203252,Halophila,below,,,,,
1045,ENO,4/30/21,21.6802168,Halophila,below,,,,,
1046,ENO,4/30/21,10.8401084,Halophila,below,,,,,
1047,ENO,4/30/21,48.7804878,Halophila,below,,,,,
1048,ENO,4/30/21,NA,Halophila,below,,,,,
1049,ENO,4/30/21,NA,Halophila,below,,,,,
1050,ENO,4/30/21,NA,Halophila,below,,,,,
1051,ENO,4/30/21,NA,Halophila,below,,,,,
1097,ENO,1/19/20,NA,Syringodium,Above,,,,,
1098,ENO,1/19/20,NA,Syringodium,Above,,,,,
1099,ENO,1/19/20,NA,Syringodium,Above,,,,,
1100,ENO,1/19/20,NA,Syringodium,Above,,,,,
1101,ENO,1/19/20,NA,Syringodium,Above,,,,,
1102,ENO,1/19/20,NA,Syringodium,Above,,,,,
1103,ENO,1/19/20,NA,Syringodium,Above,,,,,
1104,ENO,1/19/20,NA,Syringodium,Above,,,,,
1105,ENO,1/19/20,NA,Syringodium,Above,,,,,
1106,ENO,1/19/20,NA,Syringodium,Above,,,,,
1107,ENO,1/19/20,NA,Syringodium,Above,,,,,
1108,ENO,1/19/20,NA,Syringodium,Above,,,,,
1109,ENO,1/19/20,NA,Syringodium,Above,,,,,
1110,ENO,1/19/20,NA,Syringodium,Above,,,,,
1155,ENO,8/8/20,NA,Syringodium,Above,,,,,
1156,ENO,8/8/20,NA,Syringodium,Above,,,,,
1157,ENO,8/8/20,NA,Syringodium,Above,,,,,
1158,ENO,8/8/20,NA,Syringodium,Above,,,,,
1159,ENO,8/8/20,NA,Syringodium,Above,,,,,
1160,ENO,8/8/20,NA,Syringodium,Above,,,,,
1161,ENO,8/8/20,NA,Syringodium,Above,,,,,
1162,ENO,8/8/20,NA,Syringodium,Above,,,,,
1163,ENO,8/8/20,NA,Syringodium,Above,,,,,
1164,ENO,8/8/20,NA,Syringodium,Above,,,,,
1165,ENO,8/8/20,NA,Syringodium,Above,,,,,
1166,ENO,8/8/20,NA,Syringodium,Above,,,,,
1167,ENO,8/8/20,NA,Syringodium,Above,,,,,
1168,ENO,8/8/20,NA,Syringodium,Above,,,,,
1169,ENO,8/8/20,NA,Syringodium,Above,,,,,
1203,ENO,11/10/20,NA,Syringodium,Above,,,,,
1204,ENO,11/10/20,NA,Syringodium,Above,,,,,
1205,ENO,11/10/20,NA,Syringodium,Above,,,,,
1206,ENO,11/10/20,NA,Syringodium,Above,,,,,
1207,ENO,11/10/20,NA,Syringodium,Above,,,,,
1208,ENO,11/10/20,NA,Syringodium,Above,,,,,
1209,ENO,11/10/20,NA,Syringodium,Above,,,,,
1210,ENO,11/10/20,NA,Syringodium,Above,,,,,
1211,ENO,11/10/20,NA,Syringodium,Above,,,,,
1212,ENO,11/10/20,NA,Syringodium,Above,,,,,
1213,ENO,11/10/20,NA,Syringodium,Above,,,,,
1214,ENO,11/10/20,NA,Syringodium,Above,,,,,
1256,ENO,1/29/21,NA,Syringodium,Above,,,,,
1257,ENO,1/29/21,NA,Syringodium,Above,,,,,
1258,ENO,1/29/21,NA,Syringodium,Above,,,,,
1259,ENO,1/29/21,NA,Syringodium,Above,,,,,
1260,ENO,1/29/21,NA,Syringodium,Above,,,,,
1261,ENO,1/29/21,NA,Syringodium,Above,,,,,
1262,ENO,1/29/21,NA,Syringodium,Above,,,,,
1263,ENO,1/29/21,NA,Syringodium,Above,,,,,
1264,ENO,1/29/21,NA,Syringodium,Above,,,,,
1265,ENO,1/29/21,NA,Syringodium,Above,,,,,
1266,ENO,1/29/21,NA,Syringodium,Above,,,,,
1267,ENO,1/29/21,NA,Syringodium,Above,,,,,
1308,ENO,4/30/21,NA,Syringodium,Above,,,,,
1309,ENO,4/30/21,NA,Syringodium,Above,,,,,
1310,ENO,4/30/21,NA,Syringodium,Above,,,,,
1311,ENO,4/30/21,NA,Syringodium,Above,,,,,
1312,ENO,4/30/21,NA,Syringodium,Above,,,,,
1313,ENO,4/30/21,NA,Syringodium,Above,,,,,
1314,ENO,4/30/21,NA,Syringodium,Above,,,,,
1315,ENO,4/30/21,NA,Syringodium,Above,,,,,
1316,ENO,4/30/21,NA,Syringodium,Above,,,,,
1317,ENO,4/30/21,NA,Syringodium,Above,,,,,
1318,ENO,4/30/21,NA,Syringodium,Above,,,,,
1364,ENO,1/19/20,NA,Syringodium,below,,,,,
1365,ENO,1/19/20,NA,Syringodium,below,,,,,
1366,ENO,1/19/20,NA,Syringodium,below,,,,,
1367,ENO,1/19/20,NA,Syringodium,below,,,,,
1368,ENO,1/19/20,NA,Syringodium,below,,,,,
1369,ENO,1/19/20,NA,Syringodium,below,,,,,
1370,ENO,1/19/20,NA,Syringodium,below,,,,,
1371,ENO,1/19/20,NA,Syringodium,below,,,,,
1372,ENO,1/19/20,NA,Syringodium,below,,,,,
1373,ENO,1/19/20,NA,Syringodium,below,,,,,
1374,ENO,1/19/20,NA,Syringodium,below,,,,,
1375,ENO,1/19/20,NA,Syringodium,below,,,,,
1376,ENO,1/19/20,NA,Syringodium,below,,,,,
1377,ENO,1/19/20,NA,Syringodium,below,,,,,
1422,ENO,8/8/20,NA,Syringodium,below,,,,,
1423,ENO,8/8/20,NA,Syringodium,below,,,,,
1424,ENO,8/8/20,NA,Syringodium,below,,,,,
1425,ENO,8/8/20,NA,Syringodium,below,,,,,
1426,ENO,8/8/20,NA,Syringodium,below,,,,,
1427,ENO,8/8/20,NA,Syringodium,below,,,,,
1428,ENO,8/8/20,NA,Syringodium,below,,,,,
1429,ENO,8/8/20,NA,Syringodium,below,,,,,
1430,ENO,8/8/20,NA,Syringodium,below,,,,,
1431,ENO,8/8/20,NA,Syringodium,below,,,,,
1432,ENO,8/8/20,NA,Syringodium,below,,,,,
1433,ENO,8/8/20,NA,Syringodium,below,,,,,
1434,ENO,8/8/20,NA,Syringodium,below,,,,,
1435,ENO,8/8/20,NA,Syringodium,below,,,,,
1436,ENO,8/8/20,NA,Syringodium,below,,,,,
1470,ENO,11/10/20,NA,Syringodium,below,,,,,
1471,ENO,11/10/20,NA,Syringodium,below,,,,,
1472,ENO,11/10/20,NA,Syringodium,below,,,,,
1473,ENO,11/10/20,NA,Syringodium,below,,,,,
1474,ENO,11/10/20,NA,Syringodium,below,,,,,
1475,ENO,11/10/20,NA,Syringodium,below,,,,,
1476,ENO,11/10/20,NA,Syringodium,below,,,,,
1477,ENO,11/10/20,NA,Syringodium,below,,,,,
1478,ENO,11/10/20,NA,Syringodium,below,,,,,
1479,ENO,11/10/20,NA,Syringodium,below,,,,,
1480,ENO,11/10/20,NA,Syringodium,below,,,,,
1481,ENO,11/10/20,NA,Syringodium,below,,,,,
1523,ENO,1/29/21,NA,Syringodium,below,,,,,
1524,ENO,1/29/21,NA,Syringodium,below,,,,,
1525,ENO,1/29/21,NA,Syringodium,below,,,,,
1526,ENO,1/29/21,NA,Syringodium,below,,,,,
1527,ENO,1/29/21,NA,Syringodium,below,,,,,
1528,ENO,1/29/21,NA,Syringodium,below,,,,,
1529,ENO,1/29/21,NA,Syringodium,below,,,,,
1530,ENO,1/29/21,NA,Syringodium,below,,,,,
1531,ENO,1/29/21,NA,Syringodium,below,,,,,
1532,ENO,1/29/21,NA,Syringodium,below,,,,,
1533,ENO,1/29/21,NA,Syringodium,below,,,,,
1534,ENO,1/29/21,NA,Syringodium,below,,,,,
1575,ENO,4/30/21,NA,Syringodium,below,,,,,
1576,ENO,4/30/21,NA,Syringodium,below,,,,,
1577,ENO,4/30/21,NA,Syringodium,below,,,,,
1578,ENO,4/30/21,NA,Syringodium,below,,,,,
1579,ENO,4/30/21,NA,Syringodium,below,,,,,
1580,ENO,4/30/21,NA,Syringodium,below,,,,,
1581,ENO,4/30/21,NA,Syringodium,below,,,,,
1582,ENO,4/30/21,NA,Syringodium,below,,,,,
1583,ENO,4/30/21,NA,Syringodium,below,,,,,
1584,ENO,4/30/21,NA,Syringodium,below,,,,,
1585,ENO,4/30/21,NA,Syringodium,below,,,,,
1631,ENO,1/19/20,NA,Halodule,Above,,,,,
1632,ENO,1/19/20,NA,Halodule,Above,,,,,
1633,ENO,1/19/20,NA,Halodule,Above,,,,,
1634,ENO,1/19/20,NA,Halodule,Above,,,,,
1635,ENO,1/19/20,NA,Halodule,Above,,,,,
1636,ENO,1/19/20,NA,Halodule,Above,,,,,
1637,ENO,1/19/20,NA,Halodule,Above,,,,,
1638,ENO,1/19/20,NA,Halodule,Above,,,,,
1639,ENO,1/19/20,NA,Halodule,Above,,,,,
1640,ENO,1/19/20,NA,Halodule,Above,,,,,
1641,ENO,1/19/20,NA,Halodule,Above,,,,,
1642,ENO,1/19/20,NA,Halodule,Above,,,,,
1643,ENO,1/19/20,NA,Halodule,Above,,,,,
1644,ENO,1/19/20,NA,Halodule,Above,,,,,
1689,ENO,8/8/20,NA,Halodule,Above,,,,,
1690,ENO,8/8/20,NA,Halodule,Above,,,,,
1691,ENO,8/8/20,NA,Halodule,Above,,,,,
1692,ENO,8/8/20,NA,Halodule,Above,,,,,
1693,ENO,8/8/20,NA,Halodule,Above,,,,,
1694,ENO,8/8/20,NA,Halodule,Above,,,,,
1695,ENO,8/8/20,NA,Halodule,Above,,,,,
1696,ENO,8/8/20,NA,Halodule,Above,,,,,
1697,ENO,8/8/20,NA,Halodule,Above,,,,,
1698,ENO,8/8/20,NA,Halodule,Above,,,,,
1699,ENO,8/8/20,NA,Halodule,Above,,,,,
1700,ENO,8/8/20,NA,Halodule,Above,,,,,
1701,ENO,8/8/20,NA,Halodule,Above,,,,,
1702,ENO,8/8/20,NA,Halodule,Above,,,,,
1703,ENO,8/8/20,NA,Halodule,Above,,,,,
1737,ENO,11/10/20,NA,Halodule,Above,,,,,
1738,ENO,11/10/20,NA,Halodule,Above,,,,,
1739,ENO,11/10/20,NA,Halodule,Above,,,,,
1740,ENO,11/10/20,NA,Halodule,Above,,,,,
1741,ENO,11/10/20,NA,Halodule,Above,,,,,
1742,ENO,11/10/20,NA,Halodule,Above,,,,,
1743,ENO,11/10/20,NA,Halodule,Above,,,,,
1744,ENO,11/10/20,NA,Halodule,Above,,,,,
1745,ENO,11/10/20,NA,Halodule,Above,,,,,
1746,ENO,11/10/20,NA,Halodule,Above,,,,,
1747,ENO,11/10/20,NA,Halodule,Above,,,,,
1748,ENO,11/10/20,NA,Halodule,Above,,,,,
1790,ENO,1/29/21,NA,Halodule,Above,,,,,
1791,ENO,1/29/21,NA,Halodule,Above,,,,,
1792,ENO,1/29/21,NA,Halodule,Above,,,,,
1793,ENO,1/29/21,NA,Halodule,Above,,,,,
1794,ENO,1/29/21,NA,Halodule,Above,,,,,
1795,ENO,1/29/21,NA,Halodule,Above,,,,,
1796,ENO,1/29/21,NA,Halodule,Above,,,,,
1797,ENO,1/29/21,NA,Halodule,Above,,,,,
1798,ENO,1/29/21,NA,Halodule,Above,,,,,
1799,ENO,1/29/21,NA,Halodule,Above,,,,,
1800,ENO,1/29/21,NA,Halodule,Above,,,,,
1801,ENO,1/29/21,NA,Halodule,Above,,,,,
1842,ENO,4/30/21,NA,Halodule,Above,,,,,
1843,ENO,4/30/21,NA,Halodule,Above,,,,,
1844,ENO,4/30/21,NA,Halodule,Above,,,,,
1845,ENO,4/30/21,NA,Halodule,Above,,,,,
1846,ENO,4/30/21,NA,Halodule,Above,,,,,
1847,ENO,4/30/21,NA,Halodule,Above,,,,,
1848,ENO,4/30/21,NA,Halodule,Above,,,,,
1849,ENO,4/30/21,NA,Halodule,Above,,,,,
1850,ENO,4/30/21,NA,Halodule,Above,,,,,
1851,ENO,4/30/21,NA,Halodule,Above,,,,,
1852,ENO,4/30/21,NA,Halodule,Above,,,,,
1898,ENO,1/19/20,NA,Halodule,below,,,,,
1899,ENO,1/19/20,NA,Halodule,below,,,,,
1900,ENO,1/19/20,NA,Halodule,below,,,,,
1901,ENO,1/19/20,NA,Halodule,below,,,,,
1902,ENO,1/19/20,NA,Halodule,below,,,,,
1903,ENO,1/19/20,NA,Halodule,below,,,,,
1904,ENO,1/19/20,NA,Halodule,below,,,,,
1905,ENO,1/19/20,NA,Halodule,below,,,,,
1906,ENO,1/19/20,NA,Halodule,below,,,,,
1907,ENO,1/19/20,NA,Halodule,below,,,,,
1908,ENO,1/19/20,NA,Halodule,below,,,,,
1909,ENO,1/19/20,NA,Halodule,below,,,,,
1910,ENO,1/19/20,NA,Halodule,below,,,,,
1911,ENO,1/19/20,NA,Halodule,below,,,,,
1956,ENO,8/8/20,NA,Halodule,below,,,,,
1957,ENO,8/8/20,NA,Halodule,below,,,,,
1958,ENO,8/8/20,NA,Halodule,below,,,,,
1959,ENO,8/8/20,NA,Halodule,below,,,,,
1960,ENO,8/8/20,NA,Halodule,below,,,,,
1961,ENO,8/8/20,NA,Halodule,below,,,,,
1962,ENO,8/8/20,NA,Halodule,below,,,,,
1963,ENO,8/8/20,NA,Halodule,below,,,,,
1964,ENO,8/8/20,NA,Halodule,below,,,,,
1965,ENO,8/8/20,NA,Halodule,below,,,,,
1966,ENO,8/8/20,NA,Halodule,below,,,,,
1967,ENO,8/8/20,NA,Halodule,below,,,,,
1968,ENO,8/8/20,NA,Halodule,below,,,,,
1969,ENO,8/8/20,NA,Halodule,below,,,,,
1970,ENO,8/8/20,NA,Halodule,below,,,,,
2004,ENO,11/10/20,NA,Halodule,below,,,,,
2005,ENO,11/10/20,NA,Halodule,below,,,,,
2006,ENO,11/10/20,NA,Halodule,below,,,,,
2007,ENO,11/10/20,NA,Halodule,below,,,,,
2008,ENO,11/10/20,NA,Halodule,below,,,,,
2009,ENO,11/10/20,NA,Halodule,below,,,,,
2010,ENO,11/10/20,NA,Halodule,below,,,,,
2011,ENO,11/10/20,NA,Halodule,below,,,,,
2012,ENO,11/10/20,NA,Halodule,below,,,,,
2013,ENO,11/10/20,NA,Halodule,below,,,,,
2014,ENO,11/10/20,NA,Halodule,below,,,,,
2015,ENO,11/10/20,NA,Halodule,below,,,,,
2057,ENO,1/29/21,NA,Halodule,below,,,,,
2058,ENO,1/29/21,NA,Halodule,below,,,,,
2059,ENO,1/29/21,NA,Halodule,below,,,,,
2060,ENO,1/29/21,NA,Halodule,below,,,,,
2061,ENO,1/29/21,NA,Halodule,below,,,,,
2062,ENO,1/29/21,NA,Halodule,below,,,,,
2063,ENO,1/29/21,NA,Halodule,below,,,,,
2064,ENO,1/29/21,NA,Halodule,below,,,,,
2065,ENO,1/29/21,NA,Halodule,below,,,,,
2066,ENO,1/29/21,NA,Halodule,below,,,,,
2067,ENO,1/29/21,NA,Halodule,below,,,,,
2068,ENO,1/29/21,NA,Halodule,below,,,,,
2109,ENO,4/30/21,NA,Halodule,below,,,,,
2110,ENO,4/30/21,NA,Halodule,below,,,,,
2111,ENO,4/30/21,NA,Halodule,below,,,,,
2112,ENO,4/30/21,NA,Halodule,below,,,,,
2113,ENO,4/30/21,NA,Halodule,below,,,,,
2114,ENO,4/30/21,NA,Halodule,below,,,,,
2115,ENO,4/30/21,NA,Halodule,below,,,,,
2116,ENO,4/30/21,NA,Halodule,below,,,,,
2117,ENO,4/30/21,NA,Halodule,below,,,,,
2118,ENO,4/30/21,NA,Halodule,below,,,,,
2119,ENO,4/30/21,NA,Halodule,below,,,,,
172,NA,1/29/21,NA,Thalassia,Above,,,,,
187,NA,1/29/21,NA,Thalassia,Above,,,,,
200,NA,1/29/21,NA,Thalassia,Above,,,,,
224,NA,4/30/21,NA,Thalassia,Above,,,,,
239,NA,4/30/21,NA,Thalassia,Above,,,,,
251,NA,4/30/21,NA,Thalassia,Above,,,,,
439,NA,1/29/21,NA,Thalassia,below,,,,,
454,NA,1/29/21,NA,Thalassia,below,,,,,
467,NA,1/29/21,NA,Thalassia,below,,,,,
491,NA,4/30/21,NA,Thalassia,below,,,,,
506,NA,4/30/21,NA,Thalassia,below,,,,,
518,NA,4/30/21,NA,Thalassia,below,,,,,
706,NA,1/29/21,NA,Halophila,Above,,,,,
721,NA,1/29/21,NA,Halophila,Above,,,,,
734,NA,1/29/21,NA,Halophila,Above,,,,,
758,NA,4/30/21,NA,Halophila,Above,,,,,
773,NA,4/30/21,NA,Halophila,Above,,,,,
785,NA,4/30/21,NA,Halophila,Above,,,,,
973,NA,1/29/21,NA,Halophila,below,,,,,
988,NA,1/29/21,NA,Halophila,below,,,,,
1001,NA,1/29/21,NA,Halophila,below,,,,,
1025,NA,4/30/21,NA,Halophila,below,,,,,
1040,NA,4/30/21,NA,Halophila,below,,,,,
1052,NA,4/30/21,NA,Halophila,below,,,,,
1240,NA,1/29/21,NA,Syringodium,Above,,,,,
1255,NA,1/29/21,NA,Syringodium,Above,,,,,
1268,NA,1/29/21,NA,Syringodium,Above,,,,,
1292,NA,4/30/21,NA,Syringodium,Above,,,,,
1307,NA,4/30/21,NA,Syringodium,Above,,,,,
1319,NA,4/30/21,NA,Syringodium,Above,,,,,
1507,NA,1/29/21,NA,Syringodium,below,,,,,
1522,NA,1/29/21,NA,Syringodium,below,,,,,
1535,NA,1/29/21,NA,Syringodium,below,,,,,
1559,NA,4/30/21,NA,Syringodium,below,,,,,
1574,NA,4/30/21,NA,Syringodium,below,,,,,
1586,NA,4/30/21,NA,Syringodium,below,,,,,
1774,NA,1/29/21,NA,Halodule,Above,,,,,
1789,NA,1/29/21,NA,Halodule,Above,,,,,
1802,NA,1/29/21,NA,Halodule,Above,,,,,
1826,NA,4/30/21,NA,Halodule,Above,,,,,
1841,NA,4/30/21,NA,Halodule,Above,,,,,
1853,NA,4/30/21,NA,Halodule,Above,,,,,
2041,NA,1/29/21,NA,Halodule,below,,,,,
2056,NA,1/29/21,NA,Halodule,below,,,,,
2069,NA,1/29/21,NA,Halodule,below,,,,,
2093,NA,4/30/21,NA,Halodule,below,,,,,
2108,NA,4/30/21,NA,Halodule,below,,,,,
2120,NA,4/30/21,NA,Halodule,below,,,,,
43,PTC,1/19/20,279.1327913,Thalassia,Above,,,,,
44,PTC,1/19/20,32.5203252,Thalassia,Above,,,,,
45,PTC,1/19/20,37.9403794,Thalassia,Above,,,,,
46,PTC,1/19/20,116.5311653,Thalassia,Above,,,,,
47,PTC,1/19/20,479.6747967,Thalassia,Above,,,,,
48,PTC,1/19/20,403.7940379,Thalassia,Above,,,,,
49,PTC,1/19/20,449.8644986,Thalassia,Above,,,,,
50,PTC,1/19/20,298.102981,Thalassia,Above,,,,,
51,PTC,1/19/20,734.4173442,Thalassia,Above,,,,,
52,PTC,1/19/20,376.6937669,Thalassia,Above,,,,,
53,PTC,1/19/20,254.7425474,Thalassia,Above,,,,,
54,PTC,1/19/20,181.5718157,Thalassia,Above,,,,,
55,PTC,1/19/20,132.7913279,Thalassia,Above,,,,,
56,PTC,1/19/20,NA,Thalassia,Above,,,,,
57,PTC,1/19/20,NA,Thalassia,Above,,,,,
102,PTC,8/8/20,268.2926829,Thalassia,Above,,,,,
103,PTC,8/8/20,89.43089431,Thalassia,Above,,,,,
104,PTC,8/8/20,149.0514905,Thalassia,Above,,,,,
105,PTC,8/8/20,154.4715447,Thalassia,Above,,,,,
106,PTC,8/8/20,111.1111111,Thalassia,Above,,,,,
107,PTC,8/8/20,159.8915989,Thalassia,Above,,,,,
108,PTC,8/8/20,230.3523035,Thalassia,Above,,,,,
109,PTC,8/8/20,102.9810298,Thalassia,Above,,,,,
110,PTC,8/8/20,276.4227642,Thalassia,Above,,,,,
111,PTC,8/8/20,84.01084011,Thalassia,Above,,,,,
112,PTC,8/8/20,NA,Thalassia,Above,,,,,
113,PTC,8/8/20,NA,Thalassia,Above,,,,,
147,PTC,11/10/20,135.501355,Thalassia,Above,,,,,
148,PTC,11/10/20,46.0704607,Thalassia,Above,,,,,
149,PTC,11/10/20,108.401084,Thalassia,Above,,,,,
150,PTC,11/10/20,97.56097561,Thalassia,Above,,,,,
151,PTC,11/10/20,108.401084,Thalassia,Above,,,,,
152,PTC,11/10/20,170.7317073,Thalassia,Above,,,,,
153,PTC,11/10/20,21.6802168,Thalassia,Above,,,,,
154,PTC,11/10/20,100.2710027,Thalassia,Above,,,,,
155,PTC,11/10/20,138.2113821,Thalassia,Above,,,,,
156,PTC,11/10/20,352.303523,Thalassia,Above,,,,,
201,PTC,1/29/21,40.6504065,Thalassia,Above,,,,,
202,PTC,1/29/21,130.0813008,Thalassia,Above,,,,,
203,PTC,1/29/21,333.3333333,Thalassia,Above,,,,,
204,PTC,1/29/21,241.1924119,Thalassia,Above,,,,,
205,PTC,1/29/21,149.0514905,Thalassia,Above,,,,,
206,PTC,1/29/21,273.7127371,Thalassia,Above,,,,,
207,PTC,1/29/21,151.7615176,Thalassia,Above,,,,,
208,PTC,1/29/21,130.0813008,Thalassia,Above,,,,,
209,PTC,1/29/21,65.04065041,Thalassia,Above,,,,,
210,PTC,4/30/21,368.5636856,Thalassia,Above,,,,,
211,PTC,4/30/21,94.85094851,Thalassia,Above,,,,,
212,PTC,4/30/21,349.5934959,Thalassia,Above,,,,,
213,PTC,4/30/21,436.3143631,Thalassia,Above,,,,,
214,PTC,4/30/21,216.802168,Thalassia,Above,,,,,
215,PTC,4/30/21,35.2303523,Thalassia,Above,,,,,
216,PTC,4/30/21,121.9512195,Thalassia,Above,,,,,
217,PTC,4/30/21,168.0216802,Thalassia,Above,,,,,
218,PTC,4/30/21,135.501355,Thalassia,Above,,,,,
219,PTC,4/30/21,360.4336043,Thalassia,Above,,,,,
220,PTC,4/30/21,81.30081301,Thalassia,Above,,,,,
221,PTC,4/30/21,233.0623306,Thalassia,Above,,,,,
222,PTC,4/30/21,170.7317073,Thalassia,Above,,,,,
223,PTC,4/30/21,135.501355,Thalassia,Above,,,,,
310,PTC,1/19/20,566.395664,Thalassia,below,,,,,
311,PTC,1/19/20,327.9132791,Thalassia,below,,,,,
312,PTC,1/19/20,1243.902439,Thalassia,below,,,,,
313,PTC,1/19/20,249.3224932,Thalassia,below,,,,,
314,PTC,1/19/20,1295.392954,Thalassia,below,,,,,
315,PTC,1/19/20,750.6775068,Thalassia,below,,,,,
316,PTC,1/19/20,325.203252,Thalassia,below,,,,,
317,PTC,1/19/20,718.1571816,Thalassia,below,,,,,
318,PTC,1/19/20,840.1084011,Thalassia,below,,,,,
319,PTC,1/19/20,276.4227642,Thalassia,below,,,,,
320,PTC,1/19/20,243.902439,Thalassia,below,,,,,
321,PTC,1/19/20,108.401084,Thalassia,below,,,,,
322,PTC,1/19/20,674.796748,Thalassia,below,,,,,
323,PTC,1/19/20,NA,Thalassia,below,,,,,
324,PTC,1/19/20,NA,Thalassia,below,,,,,
369,PTC,8/8/20,1493.224932,Thalassia,below,,,,,
370,PTC,8/8/20,1143.631436,Thalassia,below,,,,,
371,PTC,8/8/20,528.4552846,Thalassia,below,,,,,
372,PTC,8/8/20,1024.390244,Thalassia,below,,,,,
373,PTC,8/8/20,1398.373984,Thalassia,below,,,,,
374,PTC,8/8/20,848.2384824,Thalassia,below,,,,,
375,PTC,8/8/20,1162.601626,Thalassia,below,,,,,
376,PTC,8/8/20,1140.921409,Thalassia,below,,,,,
377,PTC,8/8/20,1216.802168,Thalassia,below,,,,,
378,PTC,8/8/20,1200.542005,Thalassia,below,,,,,
379,PTC,8/8/20,NA,Thalassia,below,,,,,
380,PTC,8/8/20,NA,Thalassia,below,,,,,
414,PTC,11/10/20,1761.517615,Thalassia,below,,,,,
415,PTC,11/10/20,35.2303523,Thalassia,below,,,,,
416,PTC,11/10/20,563.6856369,Thalassia,below,,,,,
417,PTC,11/10/20,739.8373984,Thalassia,below,,,,,
418,PTC,11/10/20,1186.99187,Thalassia,below,,,,,
419,PTC,11/10/20,1463.414634,Thalassia,below,,,,,
420,PTC,11/10/20,1306.233062,Thalassia,below,,,,,
421,PTC,11/10/20,1818.428184,Thalassia,below,,,,,
422,PTC,11/10/20,1455.284553,Thalassia,below,,,,,
423,PTC,11/10/20,2084.01084,Thalassia,below,,,,,
468,PTC,1/29/21,149.0514905,Thalassia,below,,,,,
469,PTC,1/29/21,932.2493225,Thalassia,below,,,,,
470,PTC,1/29/21,997.2899729,Thalassia,below,,,,,
471,PTC,1/29/21,1138.211382,Thalassia,below,,,,,
472,PTC,1/29/21,2140.921409,Thalassia,below,,,,,
473,PTC,1/29/21,1601.626016,Thalassia,below,,,,,
474,PTC,1/29/21,1639.566396,Thalassia,below,,,,,
475,PTC,1/29/21,1105.691057,Thalassia,below,,,,,
476,PTC,1/29/21,1056.910569,Thalassia,below,,,,,
477,PTC,4/30/21,2124.661247,Thalassia,below,,,,,
478,PTC,4/30/21,1224.932249,Thalassia,below,,,,,
479,PTC,4/30/21,1796.747967,Thalassia,below,,,,,
480,PTC,4/30/21,2658.536585,Thalassia,below,,,,,
481,PTC,4/30/21,1728.99729,Thalassia,below,,,,,
482,PTC,4/30/21,1485.094851,Thalassia,below,,,,,
483,PTC,4/30/21,1336.04336,Thalassia,below,,,,,
484,PTC,4/30/21,1680.216802,Thalassia,below,,,,,
485,PTC,4/30/21,1070.460705,Thalassia,below,,,,,
486,PTC,4/30/21,1970.189702,Thalassia,below,,,,,
487,PTC,4/30/21,1000,Thalassia,below,,,,,
488,PTC,4/30/21,1127.371274,Thalassia,below,,,,,
489,PTC,4/30/21,1414.634146,Thalassia,below,,,,,
490,PTC,4/30/21,1319.783198,Thalassia,below,,,,,
577,PTC,1/19/20,NA,Halophila,Above,,,,,
578,PTC,1/19/20,NA,Halophila,Above,,,,,
579,PTC,1/19/20,NA,Halophila,Above,,,,,
580,PTC,1/19/20,NA,Halophila,Above,,,,,
581,PTC,1/19/20,NA,Halophila,Above,,,,,
582,PTC,1/19/20,NA,Halophila,Above,,,,,
583,PTC,1/19/20,NA,Halophila,Above,,,,,
584,PTC,1/19/20,NA,Halophila,Above,,,,,
585,PTC,1/19/20,NA,Halophila,Above,,,,,
586,PTC,1/19/20,NA,Halophila,Above,,,,,
587,PTC,1/19/20,NA,Halophila,Above,,,,,
588,PTC,1/19/20,NA,Halophila,Above,,,,,
589,PTC,1/19/20,NA,Halophila,Above,,,,,
590,PTC,1/19/20,NA,Halophila,Above,,,,,
591,PTC,1/19/20,NA,Halophila,Above,,,,,
636,PTC,8/8/20,NA,Halophila,Above,,,,,
637,PTC,8/8/20,NA,Halophila,Above,,,,,
638,PTC,8/8/20,NA,Halophila,Above,,,,,
639,PTC,8/8/20,NA,Halophila,Above,,,,,
640,PTC,8/8/20,NA,Halophila,Above,,,,,
641,PTC,8/8/20,NA,Halophila,Above,,,,,
642,PTC,8/8/20,NA,Halophila,Above,,,,,
643,PTC,8/8/20,NA,Halophila,Above,,,,,
644,PTC,8/8/20,NA,Halophila,Above,,,,,
645,PTC,8/8/20,NA,Halophila,Above,,,,,
646,PTC,8/8/20,NA,Halophila,Above,,,,,
647,PTC,8/8/20,NA,Halophila,Above,,,,,
681,PTC,11/10/20,51.49051491,Halophila,Above,,,,,
682,PTC,11/10/20,NA,Halophila,Above,,,,,
683,PTC,11/10/20,NA,Halophila,Above,,,,,
684,PTC,11/10/20,NA,Halophila,Above,,,,,
685,PTC,11/10/20,NA,Halophila,Above,,,,,
686,PTC,11/10/20,NA,Halophila,Above,,,,,
687,PTC,11/10/20,NA,Halophila,Above,,,,,
688,PTC,11/10/20,NA,Halophila,Above,,,,,
689,PTC,11/10/20,NA,Halophila,Above,,,,,
690,PTC,11/10/20,NA,Halophila,Above,,,,,
735,PTC,1/29/21,2.7100271,Halophila,Above,,,,,
736,PTC,1/29/21,NA,Halophila,Above,,,,,
737,PTC,1/29/21,NA,Halophila,Above,,,,,
738,PTC,1/29/21,NA,Halophila,Above,,,,,
739,PTC,1/29/21,NA,Halophila,Above,,,,,
740,PTC,1/29/21,NA,Halophila,Above,,,,,
741,PTC,1/29/21,NA,Halophila,Above,,,,,
742,PTC,1/29/21,NA,Halophila,Above,,,,,
743,PTC,1/29/21,NA,Halophila,Above,,,,,
744,PTC,4/30/21,56.91056911,Halophila,Above,,,,,
745,PTC,4/30/21,111.1111111,Halophila,Above,,,,,
746,PTC,4/30/21,NA,Halophila,Above,,,,,
747,PTC,4/30/21,NA,Halophila,Above,,,,,
748,PTC,4/30/21,NA,Halophila,Above,,,,,
749,PTC,4/30/21,NA,Halophila,Above,,,,,
750,PTC,4/30/21,NA,Halophila,Above,,,,,
751,PTC,4/30/21,NA,Halophila,Above,,,,,
752,PTC,4/30/21,NA,Halophila,Above,,,,,
753,PTC,4/30/21,NA,Halophila,Above,,,,,
754,PTC,4/30/21,NA,Halophila,Above,,,,,
755,PTC,4/30/21,NA,Halophila,Above,,,,,
756,PTC,4/30/21,NA,Halophila,Above,,,,,
757,PTC,4/30/21,NA,Halophila,Above,,,,,
844,PTC,1/19/20,NA,Halophila,below,,,,,
845,PTC,1/19/20,NA,Halophila,below,,,,,
846,PTC,1/19/20,NA,Halophila,below,,,,,
847,PTC,1/19/20,NA,Halophila,below,,,,,
848,PTC,1/19/20,NA,Halophila,below,,,,,
849,PTC,1/19/20,NA,Halophila,below,,,,,
850,PTC,1/19/20,NA,Halophila,below,,,,,
851,PTC,1/19/20,NA,Halophila,below,,,,,
852,PTC,1/19/20,NA,Halophila,below,,,,,
853,PTC,1/19/20,NA,Halophila,below,,,,,
854,PTC,1/19/20,NA,Halophila,below,,,,,
855,PTC,1/19/20,NA,Halophila,below,,,,,
856,PTC,1/19/20,NA,Halophila,below,,,,,
857,PTC,1/19/20,NA,Halophila,below,,,,,
858,PTC,1/19/20,NA,Halophila,below,,,,,
903,PTC,8/8/20,NA,Halophila,below,,,,,
904,PTC,8/8/20,NA,Halophila,below,,,,,
905,PTC,8/8/20,NA,Halophila,below,,,,,
906,PTC,8/8/20,NA,Halophila,below,,,,,
907,PTC,8/8/20,NA,Halophila,below,,,,,
908,PTC,8/8/20,NA,Halophila,below,,,,,
909,PTC,8/8/20,NA,Halophila,below,,,,,
910,PTC,8/8/20,NA,Halophila,below,,,,,
911,PTC,8/8/20,NA,Halophila,below,,,,,
912,PTC,8/8/20,NA,Halophila,below,,,,,
913,PTC,8/8/20,NA,Halophila,below,,,,,
914,PTC,8/8/20,NA,Halophila,below,,,,,
948,PTC,11/10/20,51.49051491,Halophila,below,,,,,
949,PTC,11/10/20,NA,Halophila,below,,,,,
950,PTC,11/10/20,NA,Halophila,below,,,,,
951,PTC,11/10/20,NA,Halophila,below,,,,,
952,PTC,11/10/20,NA,Halophila,below,,,,,
953,PTC,11/10/20,NA,Halophila,below,,,,,
954,PTC,11/10/20,NA,Halophila,below,,,,,
955,PTC,11/10/20,NA,Halophila,below,,,,,
956,PTC,11/10/20,NA,Halophila,below,,,,,
957,PTC,11/10/20,NA,Halophila,below,,,,,
1002,PTC,1/29/21,5.420054201,Halophila,below,,,,,
1003,PTC,1/29/21,NA,Halophila,below,,,,,
1004,PTC,1/29/21,NA,Halophila,below,,,,,
1005,PTC,1/29/21,NA,Halophila,below,,,,,
1006,PTC,1/29/21,NA,Halophila,below,,,,,
1007,PTC,1/29/21,NA,Halophila,below,,,,,
1008,PTC,1/29/21,NA,Halophila,below,,,,,
1009,PTC,1/29/21,NA,Halophila,below,,,,,
1010,PTC,1/29/21,NA,Halophila,below,,,,,
1011,PTC,4/30/21,111.1111111,Halophila,below,,,,,
1012,PTC,4/30/21,317.0731707,Halophila,below,,,,,
1013,PTC,4/30/21,NA,Halophila,below,,,,,
1014,PTC,4/30/21,NA,Halophila,below,,,,,
1015,PTC,4/30/21,NA,Halophila,below,,,,,
1016,PTC,4/30/21,NA,Halophila,below,,,,,
1017,PTC,4/30/21,NA,Halophila,below,,,,,
1018,PTC,4/30/21,NA,Halophila,below,,,,,
1019,PTC,4/30/21,NA,Halophila,below,,,,,
1020,PTC,4/30/21,NA,Halophila,below,,,,,
1021,PTC,4/30/21,NA,Halophila,below,,,,,
1022,PTC,4/30/21,NA,Halophila,below,,,,,
1023,PTC,4/30/21,NA,Halophila,below,,,,,
1024,PTC,4/30/21,NA,Halophila,below,,,,,
1111,PTC,1/19/20,16.2601626,Syringodium,Above,,,,,
1112,PTC,1/19/20,54.20054201,Syringodium,Above,,,,,
1113,PTC,1/19/20,32.5203252,Syringodium,Above,,,,,
1114,PTC,1/19/20,37.9403794,Syringodium,Above,,,,,
1115,PTC,1/19/20,NA,Syringodium,Above,,,,,
1116,PTC,1/19/20,NA,Syringodium,Above,,,,,
1117,PTC,1/19/20,NA,Syringodium,Above,,,,,
1118,PTC,1/19/20,NA,Syringodium,Above,,,,,
1119,PTC,1/19/20,NA,Syringodium,Above,,,,,
1120,PTC,1/19/20,NA,Syringodium,Above,,,,,
1121,PTC,1/19/20,NA,Syringodium,Above,,,,,
1122,PTC,1/19/20,NA,Syringodium,Above,,,,,
1123,PTC,1/19/20,NA,Syringodium,Above,,,,,
1124,PTC,1/19/20,NA,Syringodium,Above,,,,,
1125,PTC,1/19/20,NA,Syringodium,Above,,,,,
1170,PTC,8/8/20,56.91056911,Syringodium,Above,,,,,
1171,PTC,8/8/20,5.420054201,Syringodium,Above,,,,,
1172,PTC,8/8/20,NA,Syringodium,Above,,,,,
1173,PTC,8/8/20,NA,Syringodium,Above,,,,,
1174,PTC,8/8/20,NA,Syringodium,Above,,,,,
1175,PTC,8/8/20,NA,Syringodium,Above,,,,,
1176,PTC,8/8/20,NA,Syringodium,Above,,,,,
1177,PTC,8/8/20,NA,Syringodium,Above,,,,,
1178,PTC,8/8/20,NA,Syringodium,Above,,,,,
1179,PTC,8/8/20,NA,Syringodium,Above,,,,,
1180,PTC,8/8/20,NA,Syringodium,Above,,,,,
1181,PTC,8/8/20,NA,Syringodium,Above,,,,,
1215,PTC,11/10/20,21.6802168,Syringodium,Above,,,,,
1216,PTC,11/10/20,48.7804878,Syringodium,Above,,,,,
1217,PTC,11/10/20,21.6802168,Syringodium,Above,,,,,
1218,PTC,11/10/20,NA,Syringodium,Above,,,,,
1219,PTC,11/10/20,NA,Syringodium,Above,,,,,
1220,PTC,11/10/20,NA,Syringodium,Above,,,,,
1221,PTC,11/10/20,NA,Syringodium,Above,,,,,
1222,PTC,11/10/20,NA,Syringodium,Above,,,,,
1223,PTC,11/10/20,NA,Syringodium,Above,,,,,
1224,PTC,11/10/20,NA,Syringodium,Above,,,,,
1269,PTC,1/29/21,10.8401084,Syringodium,Above,,,,,
1270,PTC,1/29/21,10.8401084,Syringodium,Above,,,,,
1271,PTC,1/29/21,16.2601626,Syringodium,Above,,,,,
1272,PTC,1/29/21,0.01,Syringodium,Above,,,,,
1273,PTC,1/29/21,10.8401084,Syringodium,Above,,,,,
1274,PTC,1/29/21,NA,Syringodium,Above,,,,,
1275,PTC,1/29/21,NA,Syringodium,Above,,,,,
1276,PTC,1/29/21,NA,Syringodium,Above,,,,,
1277,PTC,1/29/21,NA,Syringodium,Above,,,,,
1278,PTC,4/30/21,21.6802168,Syringodium,Above,,,,,
1279,PTC,4/30/21,8.130081301,Syringodium,Above,,,,,
1280,PTC,4/30/21,10.8401084,Syringodium,Above,,,,,
1281,PTC,4/30/21,0.01,Syringodium,Above,,,,,
1282,PTC,4/30/21,5.420054201,Syringodium,Above,,,,,
1283,PTC,4/30/21,NA,Syringodium,Above,,,,,
1284,PTC,4/30/21,NA,Syringodium,Above,,,,,
1285,PTC,4/30/21,NA,Syringodium,Above,,,,,
1286,PTC,4/30/21,NA,Syringodium,Above,,,,,
1287,PTC,4/30/21,NA,Syringodium,Above,,,,,
1288,PTC,4/30/21,NA,Syringodium,Above,,,,,
1289,PTC,4/30/21,NA,Syringodium,Above,,,,,
1290,PTC,4/30/21,NA,Syringodium,Above,,,,,
1291,PTC,4/30/21,NA,Syringodium,Above,,,,,
1378,PTC,1/19/20,40.6504065,Syringodium,below,,,,,
1379,PTC,1/19/20,303.5230352,Syringodium,below,,,,,
1380,PTC,1/19/20,327.9132791,Syringodium,below,,,,,
1381,PTC,1/19/20,1243.902439,Syringodium,below,,,,,
1382,PTC,1/19/20,NA,Syringodium,below,,,,,
1383,PTC,1/19/20,NA,Syringodium,below,,,,,
1384,PTC,1/19/20,NA,Syringodium,below,,,,,
1385,PTC,1/19/20,NA,Syringodium,below,,,,,
1386,PTC,1/19/20,NA,Syringodium,below,,,,,
1387,PTC,1/19/20,NA,Syringodium,below,,,,,
1388,PTC,1/19/20,NA,Syringodium,below,,,,,
1389,PTC,1/19/20,NA,Syringodium,below,,,,,
1390,PTC,1/19/20,NA,Syringodium,below,,,,,
1391,PTC,1/19/20,NA,Syringodium,below,,,,,
1392,PTC,1/19/20,NA,Syringodium,below,,,,,
1437,PTC,8/8/20,241.1924119,Syringodium,below,,,,,
1438,PTC,8/8/20,105.6910569,Syringodium,below,,,,,
1439,PTC,8/8/20,NA,Syringodium,below,,,,,
1440,PTC,8/8/20,NA,Syringodium,below,,,,,
1441,PTC,8/8/20,NA,Syringodium,below,,,,,
1442,PTC,8/8/20,NA,Syringodium,below,,,,,
1443,PTC,8/8/20,NA,Syringodium,below,,,,,
1444,PTC,8/8/20,NA,Syringodium,below,,,,,
1445,PTC,8/8/20,NA,Syringodium,below,,,,,
1446,PTC,8/8/20,NA,Syringodium,below,,,,,
1447,PTC,8/8/20,NA,Syringodium,below,,,,,
1448,PTC,8/8/20,NA,Syringodium,below,,,,,
1482,PTC,11/10/20,84.01084011,Syringodium,below,,,,,
1483,PTC,11/10/20,105.6910569,Syringodium,below,,,,,
1484,PTC,11/10/20,27.100271,Syringodium,below,,,,,
1485,PTC,11/10/20,NA,Syringodium,below,,,,,
1486,PTC,11/10/20,NA,Syringodium,below,,,,,
1487,PTC,11/10/20,NA,Syringodium,below,,,,,
1488,PTC,11/10/20,NA,Syringodium,below,,,,,
1489,PTC,11/10/20,NA,Syringodium,below,,,,,
1490,PTC,11/10/20,NA,Syringodium,below,,,,,
1491,PTC,11/10/20,NA,Syringodium,below,,,,,
1536,PTC,1/29/21,21.6802168,Syringodium,below,,,,,
1537,PTC,1/29/21,54.20054201,Syringodium,below,,,,,
1538,PTC,1/29/21,37.9403794,Syringodium,below,,,,,
1539,PTC,1/29/21,8.130081301,Syringodium,below,,,,,
1540,PTC,1/29/21,105.6910569,Syringodium,below,,,,,
1541,PTC,1/29/21,NA,Syringodium,below,,,,,
1542,PTC,1/29/21,NA,Syringodium,below,,,,,
1543,PTC,1/29/21,NA,Syringodium,below,,,,,
1544,PTC,1/29/21,NA,Syringodium,below,,,,,
1545,PTC,4/30/21,124.6612466,Syringodium,below,,,,,
1546,PTC,4/30/21,184.2818428,Syringodium,below,,,,,
1547,PTC,4/30/21,10.8401084,Syringodium,below,,,,,
1548,PTC,4/30/21,21.6802168,Syringodium,below,,,,,
1549,PTC,4/30/21,27.100271,Syringodium,below,,,,,
1550,PTC,4/30/21,NA,Syringodium,below,,,,,
1551,PTC,4/30/21,NA,Syringodium,below,,,,,
1552,PTC,4/30/21,NA,Syringodium,below,,,,,
1553,PTC,4/30/21,NA,Syringodium,below,,,,,
1554,PTC,4/30/21,NA,Syringodium,below,,,,,
1555,PTC,4/30/21,NA,Syringodium,below,,,,,
1556,PTC,4/30/21,NA,Syringodium,below,,,,,
1557,PTC,4/30/21,NA,Syringodium,below,,,,,
1558,PTC,4/30/21,NA,Syringodium,below,,,,,
1645,PTC,1/19/20,NA,Halodule,Above,,,,,
1646,PTC,1/19/20,NA,Halodule,Above,,,,,
1647,PTC,1/19/20,NA,Halodule,Above,,,,,
1648,PTC,1/19/20,NA,Halodule,Above,,,,,
1649,PTC,1/19/20,NA,Halodule,Above,,,,,
1650,PTC,1/19/20,NA,Halodule,Above,,,,,
1651,PTC,1/19/20,NA,Halodule,Above,,,,,
1652,PTC,1/19/20,NA,Halodule,Above,,,,,
1653,PTC,1/19/20,NA,Halodule,Above,,,,,
1654,PTC,1/19/20,NA,Halodule,Above,,,,,
1655,PTC,1/19/20,NA,Halodule,Above,,,,,
1656,PTC,1/19/20,NA,Halodule,Above,,,,,
1657,PTC,1/19/20,NA,Halodule,Above,,,,,
1658,PTC,1/19/20,NA,Halodule,Above,,,,,
1659,PTC,1/19/20,NA,Halodule,Above,,,,,
1704,PTC,8/8/20,NA,Halodule,Above,,,,,
1705,PTC,8/8/20,NA,Halodule,Above,,,,,
1706,PTC,8/8/20,NA,Halodule,Above,,,,,
1707,PTC,8/8/20,NA,Halodule,Above,,,,,
1708,PTC,8/8/20,NA,Halodule,Above,,,,,
1709,PTC,8/8/20,NA,Halodule,Above,,,,,
1710,PTC,8/8/20,NA,Halodule,Above,,,,,
1711,PTC,8/8/20,NA,Halodule,Above,,,,,
1712,PTC,8/8/20,NA,Halodule,Above,,,,,
1713,PTC,8/8/20,NA,Halodule,Above,,,,,
1714,PTC,8/8/20,NA,Halodule,Above,,,,,
1715,PTC,8/8/20,NA,Halodule,Above,,,,,
1749,PTC,11/10/20,NA,Halodule,Above,,,,,
1750,PTC,11/10/20,NA,Halodule,Above,,,,,
1751,PTC,11/10/20,NA,Halodule,Above,,,,,
1752,PTC,11/10/20,NA,Halodule,Above,,,,,
1753,PTC,11/10/20,NA,Halodule,Above,,,,,
1754,PTC,11/10/20,NA,Halodule,Above,,,,,
1755,PTC,11/10/20,NA,Halodule,Above,,,,,
1756,PTC,11/10/20,NA,Halodule,Above,,,,,
1757,PTC,11/10/20,NA,Halodule,Above,,,,,
1758,PTC,11/10/20,NA,Halodule,Above,,,,,
1803,PTC,1/29/21,NA,Halodule,Above,,,,,
1804,PTC,1/29/21,NA,Halodule,Above,,,,,
1805,PTC,1/29/21,NA,Halodule,Above,,,,,
1806,PTC,1/29/21,NA,Halodule,Above,,,,,
1807,PTC,1/29/21,NA,Halodule,Above,,,,,
1808,PTC,1/29/21,NA,Halodule,Above,,,,,
1809,PTC,1/29/21,NA,Halodule,Above,,,,,
1810,PTC,1/29/21,NA,Halodule,Above,,,,,
1811,PTC,1/29/21,NA,Halodule,Above,,,,,
1812,PTC,4/30/21,NA,Halodule,Above,,,,,
1813,PTC,4/30/21,NA,Halodule,Above,,,,,
1814,PTC,4/30/21,NA,Halodule,Above,,,,,
1815,PTC,4/30/21,NA,Halodule,Above,,,,,
1816,PTC,4/30/21,NA,Halodule,Above,,,,,
1817,PTC,4/30/21,NA,Halodule,Above,,,,,
1818,PTC,4/30/21,NA,Halodule,Above,,,,,
1819,PTC,4/30/21,NA,Halodule,Above,,,,,
1820,PTC,4/30/21,NA,Halodule,Above,,,,,
1821,PTC,4/30/21,NA,Halodule,Above,,,,,
1822,PTC,4/30/21,NA,Halodule,Above,,,,,
1823,PTC,4/30/21,NA,Halodule,Above,,,,,
1824,PTC,4/30/21,NA,Halodule,Above,,,,,
1825,PTC,4/30/21,NA,Halodule,Above,,,,,
1912,PTC,1/19/20,NA,Halodule,below,,,,,
1913,PTC,1/19/20,NA,Halodule,below,,,,,
1914,PTC,1/19/20,NA,Halodule,below,,,,,
1915,PTC,1/19/20,NA,Halodule,below,,,,,
1916,PTC,1/19/20,NA,Halodule,below,,,,,
1917,PTC,1/19/20,NA,Halodule,below,,,,,
1918,PTC,1/19/20,NA,Halodule,below,,,,,
1919,PTC,1/19/20,NA,Halodule,below,,,,,
1920,PTC,1/19/20,NA,Halodule,below,,,,,
1921,PTC,1/19/20,NA,Halodule,below,,,,,
1922,PTC,1/19/20,NA,Halodule,below,,,,,
1923,PTC,1/19/20,NA,Halodule,below,,,,,
1924,PTC,1/19/20,NA,Halodule,below,,,,,
1925,PTC,1/19/20,NA,Halodule,below,,,,,
1926,PTC,1/19/20,NA,Halodule,below,,,,,
1971,PTC,8/8/20,NA,Halodule,below,,,,,
1972,PTC,8/8/20,NA,Halodule,below,,,,,
1973,PTC,8/8/20,NA,Halodule,below,,,,,
1974,PTC,8/8/20,NA,Halodule,below,,,,,
1975,PTC,8/8/20,NA,Halodule,below,,,,,
1976,PTC,8/8/20,NA,Halodule,below,,,,,
1977,PTC,8/8/20,NA,Halodule,below,,,,,
1978,PTC,8/8/20,NA,Halodule,below,,,,,
1979,PTC,8/8/20,NA,Halodule,below,,,,,
1980,PTC,8/8/20,NA,Halodule,below,,,,,
1981,PTC,8/8/20,NA,Halodule,below,,,,,
1982,PTC,8/8/20,NA,Halodule,below,,,,,
2016,PTC,11/10/20,NA,Halodule,below,,,,,
2017,PTC,11/10/20,NA,Halodule,below,,,,,
2018,PTC,11/10/20,NA,Halodule,below,,,,,
2019,PTC,11/10/20,NA,Halodule,below,,,,,
2020,PTC,11/10/20,NA,Halodule,below,,,,,
2021,PTC,11/10/20,NA,Halodule,below,,,,,
2022,PTC,11/10/20,NA,Halodule,below,,,,,
2023,PTC,11/10/20,NA,Halodule,below,,,,,
2024,PTC,11/10/20,NA,Halodule,below,,,,,
2025,PTC,11/10/20,NA,Halodule,below,,,,,
2070,PTC,1/29/21,NA,Halodule,below,,,,,
2071,PTC,1/29/21,NA,Halodule,below,,,,,
2072,PTC,1/29/21,NA,Halodule,below,,,,,
2073,PTC,1/29/21,NA,Halodule,below,,,,,
2074,PTC,1/29/21,NA,Halodule,below,,,,,
2075,PTC,1/29/21,NA,Halodule,below,,,,,
2076,PTC,1/29/21,NA,Halodule,below,,,,,
2077,PTC,1/29/21,NA,Halodule,below,,,,,
2078,PTC,1/29/21,NA,Halodule,below,,,,,
2079,PTC,4/30/21,NA,Halodule,below,,,,,
2080,PTC,4/30/21,NA,Halodule,below,,,,,
2081,PTC,4/30/21,NA,Halodule,below,,,,,
2082,PTC,4/30/21,NA,Halodule,below,,,,,
2083,PTC,4/30/21,NA,Halodule,below,,,,,
2084,PTC,4/30/21,NA,Halodule,below,,,,,
2085,PTC,4/30/21,NA,Halodule,below,,,,,
2086,PTC,4/30/21,NA,Halodule,below,,,,,
2087,PTC,4/30/21,NA,Halodule,below,,,,,
2088,PTC,4/30/21,NA,Halodule,below,,,,,
2089,PTC,4/30/21,NA,Halodule,below,,,,,
2090,PTC,4/30/21,NA,Halodule,below,,,,,
2091,PTC,4/30/21,NA,Halodule,below,,,,,
2092,PTC,4/30/21,NA,Halodule,below,,,,,
15,PTS,1/19/20,NA,Thalassia,Above,,,,,
16,PTS,1/19/20,NA,Thalassia,Above,,,,,
17,PTS,1/19/20,NA,Thalassia,Above,,,,,
18,PTS,1/19/20,NA,Thalassia,Above,,,,,
19,PTS,1/19/20,NA,Thalassia,Above,,,,,
20,PTS,1/19/20,NA,Thalassia,Above,,,,,
21,PTS,1/19/20,NA,Thalassia,Above,,,,,
22,PTS,1/19/20,NA,Thalassia,Above,,,,,
23,PTS,1/19/20,NA,Thalassia,Above,,,,,
24,PTS,1/19/20,NA,Thalassia,Above,,,,,
25,PTS,1/19/20,NA,Thalassia,Above,,,,,
26,PTS,1/19/20,NA,Thalassia,Above,,,,,
27,PTS,1/19/20,NA,Thalassia,Above,,,,,
28,PTS,1/19/20,NA,Thalassia,Above,,,,,
73,PTS,8/8/20,NA,Thalassia,Above,,,,,
74,PTS,8/8/20,NA,Thalassia,Above,,,,,
75,PTS,8/8/20,NA,Thalassia,Above,,,,,
76,PTS,8/8/20,NA,Thalassia,Above,,,,,
77,PTS,8/8/20,NA,Thalassia,Above,,,,,
78,PTS,8/8/20,NA,Thalassia,Above,,,,,
79,PTS,8/8/20,NA,Thalassia,Above,,,,,
80,PTS,8/8/20,NA,Thalassia,Above,,,,,
81,PTS,8/8/20,NA,Thalassia,Above,,,,,
82,PTS,8/8/20,NA,Thalassia,Above,,,,,
83,PTS,8/8/20,NA,Thalassia,Above,,,,,
84,PTS,8/8/20,NA,Thalassia,Above,,,,,
85,PTS,8/8/20,NA,Thalassia,Above,,,,,
86,PTS,8/8/20,NA,Thalassia,Above,,,,,
122,PTS,11/10/20,NA,Thalassia,Above,,,,,
123,PTS,11/10/20,NA,Thalassia,Above,,,,,
124,PTS,11/10/20,NA,Thalassia,Above,,,,,
125,PTS,11/10/20,NA,Thalassia,Above,,,,,
126,PTS,11/10/20,NA,Thalassia,Above,,,,,
127,PTS,11/10/20,NA,Thalassia,Above,,,,,
128,PTS,11/10/20,NA,Thalassia,Above,,,,,
129,PTS,11/10/20,NA,Thalassia,Above,,,,,
130,PTS,11/10/20,NA,Thalassia,Above,,,,,
131,PTS,11/10/20,NA,Thalassia,Above,,,,,
132,PTS,11/10/20,NA,Thalassia,Above,,,,,
133,PTS,11/10/20,NA,Thalassia,Above,,,,,
134,PTS,11/10/20,NA,Thalassia,Above,,,,,
173,PTS,1/29/21,NA,Thalassia,Above,,,,,
174,PTS,1/29/21,NA,Thalassia,Above,,,,,
175,PTS,1/29/21,NA,Thalassia,Above,,,,,
176,PTS,1/29/21,NA,Thalassia,Above,,,,,
177,PTS,1/29/21,NA,Thalassia,Above,,,,,
178,PTS,1/29/21,NA,Thalassia,Above,,,,,
179,PTS,1/29/21,NA,Thalassia,Above,,,,,
180,PTS,1/29/21,NA,Thalassia,Above,,,,,
181,PTS,1/29/21,NA,Thalassia,Above,,,,,
182,PTS,1/29/21,NA,Thalassia,Above,,,,,
183,PTS,1/29/21,NA,Thalassia,Above,,,,,
184,PTS,1/29/21,NA,Thalassia,Above,,,,,
185,PTS,1/29/21,NA,Thalassia,Above,,,,,
186,PTS,1/29/21,NA,Thalassia,Above,,,,,
225,PTS,4/30/21,NA,Thalassia,Above,,,,,
226,PTS,4/30/21,NA,Thalassia,Above,,,,,
227,PTS,4/30/21,NA,Thalassia,Above,,,,,
228,PTS,4/30/21,NA,Thalassia,Above,,,,,
229,PTS,4/30/21,NA,Thalassia,Above,,,,,
230,PTS,4/30/21,NA,Thalassia,Above,,,,,
231,PTS,4/30/21,NA,Thalassia,Above,,,,,
232,PTS,4/30/21,NA,Thalassia,Above,,,,,
233,PTS,4/30/21,NA,Thalassia,Above,,,,,
234,PTS,4/30/21,NA,Thalassia,Above,,,,,
235,PTS,4/30/21,NA,Thalassia,Above,,,,,
236,PTS,4/30/21,NA,Thalassia,Above,,,,,
237,PTS,4/30/21,NA,Thalassia,Above,,,,,
238,PTS,4/30/21,NA,Thalassia,Above,,,,,
282,PTS,1/19/20,NA,Thalassia,below,,,,,
283,PTS,1/19/20,NA,Thalassia,below,,,,,
284,PTS,1/19/20,NA,Thalassia,below,,,,,
285,PTS,1/19/20,NA,Thalassia,below,,,,,
286,PTS,1/19/20,NA,Thalassia,below,,,,,
287,PTS,1/19/20,NA,Thalassia,below,,,,,
288,PTS,1/19/20,NA,Thalassia,below,,,,,
289,PTS,1/19/20,NA,Thalassia,below,,,,,
290,PTS,1/19/20,NA,Thalassia,below,,,,,
291,PTS,1/19/20,NA,Thalassia,below,,,,,
292,PTS,1/19/20,NA,Thalassia,below,,,,,
293,PTS,1/19/20,NA,Thalassia,below,,,,,
294,PTS,1/19/20,NA,Thalassia,below,,,,,
295,PTS,1/19/20,NA,Thalassia,below,,,,,
340,PTS,8/8/20,NA,Thalassia,below,,,,,
341,PTS,8/8/20,NA,Thalassia,below,,,,,
342,PTS,8/8/20,NA,Thalassia,below,,,,,
343,PTS,8/8/20,NA,Thalassia,below,,,,,
344,PTS,8/8/20,NA,Thalassia,below,,,,,
345,PTS,8/8/20,NA,Thalassia,below,,,,,
346,PTS,8/8/20,NA,Thalassia,below,,,,,
347,PTS,8/8/20,NA,Thalassia,below,,,,,
348,PTS,8/8/20,NA,Thalassia,below,,,,,
349,PTS,8/8/20,NA,Thalassia,below,,,,,
350,PTS,8/8/20,NA,Thalassia,below,,,,,
351,PTS,8/8/20,NA,Thalassia,below,,,,,
352,PTS,8/8/20,NA,Thalassia,below,,,,,
353,PTS,8/8/20,NA,Thalassia,below,,,,,
389,PTS,11/10/20,NA,Thalassia,below,,,,,
390,PTS,11/10/20,NA,Thalassia,below,,,,,
391,PTS,11/10/20,NA,Thalassia,below,,,,,
392,PTS,11/10/20,NA,Thalassia,below,,,,,
393,PTS,11/10/20,NA,Thalassia,below,,,,,
394,PTS,11/10/20,NA,Thalassia,below,,,,,
395,PTS,11/10/20,NA,Thalassia,below,,,,,
396,PTS,11/10/20,NA,Thalassia,below,,,,,
397,PTS,11/10/20,NA,Thalassia,below,,,,,
398,PTS,11/10/20,NA,Thalassia,below,,,,,
399,PTS,11/10/20,NA,Thalassia,below,,,,,
400,PTS,11/10/20,NA,Thalassia,below,,,,,
401,PTS,11/10/20,NA,Thalassia,below,,,,,
440,PTS,1/29/21,NA,Thalassia,below,,,,,
441,PTS,1/29/21,NA,Thalassia,below,,,,,
442,PTS,1/29/21,NA,Thalassia,below,,,,,
443,PTS,1/29/21,NA,Thalassia,below,,,,,
444,PTS,1/29/21,NA,Thalassia,below,,,,,
445,PTS,1/29/21,NA,Thalassia,below,,,,,
446,PTS,1/29/21,NA,Thalassia,below,,,,,
447,PTS,1/29/21,NA,Thalassia,below,,,,,
448,PTS,1/29/21,NA,Thalassia,below,,,,,
449,PTS,1/29/21,NA,Thalassia,below,,,,,
450,PTS,1/29/21,NA,Thalassia,below,,,,,
451,PTS,1/29/21,NA,Thalassia,below,,,,,
452,PTS,1/29/21,NA,Thalassia,below,,,,,
453,PTS,1/29/21,NA,Thalassia,below,,,,,
492,PTS,4/30/21,NA,Thalassia,below,,,,,
493,PTS,4/30/21,NA,Thalassia,below,,,,,
494,PTS,4/30/21,NA,Thalassia,below,,,,,
495,PTS,4/30/21,NA,Thalassia,below,,,,,
496,PTS,4/30/21,NA,Thalassia,below,,,,,
497,PTS,4/30/21,NA,Thalassia,below,,,,,
498,PTS,4/30/21,NA,Thalassia,below,,,,,
499,PTS,4/30/21,NA,Thalassia,below,,,,,
500,PTS,4/30/21,NA,Thalassia,below,,,,,
501,PTS,4/30/21,NA,Thalassia,below,,,,,
502,PTS,4/30/21,NA,Thalassia,below,,,,,
503,PTS,4/30/21,NA,Thalassia,below,,,,,
504,PTS,4/30/21,NA,Thalassia,below,,,,,
505,PTS,4/30/21,NA,Thalassia,below,,,,,
549,PTS,1/19/20,59.62059621,Halophila,Above,,,,,
550,PTS,1/19/20,51.49051491,Halophila,Above,,,,,
551,PTS,1/19/20,54.20054201,Halophila,Above,,,,,
552,PTS,1/19/20,48.7804878,Halophila,Above,,,,,
553,PTS,1/19/20,48.7804878,Halophila,Above,,,,,
554,PTS,1/19/20,10.8401084,Halophila,Above,,,,,
555,PTS,1/19/20,51.49051491,Halophila,Above,,,,,
556,PTS,1/19/20,65.04065041,Halophila,Above,,,,,
557,PTS,1/19/20,59.62059621,Halophila,Above,,,,,
558,PTS,1/19/20,37.9403794,Halophila,Above,,,,,
559,PTS,1/19/20,67.75067751,Halophila,Above,,,,,
560,PTS,1/19/20,16.2601626,Halophila,Above,,,,,
561,PTS,1/19/20,37.9403794,Halophila,Above,,,,,
562,PTS,1/19/20,37.9403794,Halophila,Above,,,,,
607,PTS,8/8/20,18.9701897,Halophila,Above,,,,,
608,PTS,8/8/20,10.8401084,Halophila,Above,,,,,
609,PTS,8/8/20,5.420054201,Halophila,Above,,,,,
610,PTS,8/8/20,5.420054201,Halophila,Above,,,,,
611,PTS,8/8/20,46.0704607,Halophila,Above,,,,,
612,PTS,8/8/20,NA,Halophila,Above,,,,,
613,PTS,8/8/20,24.3902439,Halophila,Above,,,,,
614,PTS,8/8/20,8.130081301,Halophila,Above,,,,,
615,PTS,8/8/20,51.49051491,Halophila,Above,,,,,
616,PTS,8/8/20,43.3604336,Halophila,Above,,,,,
617,PTS,8/8/20,8.130081301,Halophila,Above,,,,,
618,PTS,8/8/20,21.6802168,Halophila,Above,,,,,
619,PTS,8/8/20,8.130081301,Halophila,Above,,,,,
620,PTS,8/8/20,NA,Halophila,Above,,,,,
656,PTS,11/10/20,92.14092141,Halophila,Above,,,,,
657,PTS,11/10/20,116.5311653,Halophila,Above,,,,,
658,PTS,11/10/20,89.43089431,Halophila,Above,,,,,
659,PTS,11/10/20,102.9810298,Halophila,Above,,,,,
660,PTS,11/10/20,13.5501355,Halophila,Above,,,,,
661,PTS,11/10/20,184.2818428,Halophila,Above,,,,,
662,PTS,11/10/20,75.88075881,Halophila,Above,,,,,
663,PTS,11/10/20,170.7317073,Halophila,Above,,,,,
664,PTS,11/10/20,73.17073171,Halophila,Above,,,,,
665,PTS,11/10/20,51.49051491,Halophila,Above,,,,,
666,PTS,11/10/20,54.20054201,Halophila,Above,,,,,
667,PTS,11/10/20,32.5203252,Halophila,Above,,,,,
668,PTS,11/10/20,119.2411924,Halophila,Above,,,,,
707,PTS,1/29/21,40.6504065,Halophila,Above,,,,,
708,PTS,1/29/21,84.01084011,Halophila,Above,,,,,
709,PTS,1/29/21,75.88075881,Halophila,Above,,,,,
710,PTS,1/29/21,124.6612466,Halophila,Above,,,,,
711,PTS,1/29/21,27.100271,Halophila,Above,,,,,
712,PTS,1/29/21,62.33062331,Halophila,Above,,,,,
713,PTS,1/29/21,178.8617886,Halophila,Above,,,,,
714,PTS,1/29/21,216.802168,Halophila,Above,,,,,
715,PTS,1/29/21,24.3902439,Halophila,Above,,,,,
716,PTS,1/29/21,84.01084011,Halophila,Above,,,,,
717,PTS,1/29/21,54.20054201,Halophila,Above,,,,,
718,PTS,1/29/21,216.802168,Halophila,Above,,,,,
719,PTS,1/29/21,51.49051491,Halophila,Above,,,,,
720,PTS,1/29/21,32.5203252,Halophila,Above,,,,,
759,PTS,4/30/21,43.3604336,Halophila,Above,,,,,
760,PTS,4/30/21,111.1111111,Halophila,Above,,,,,
761,PTS,4/30/21,86.72086721,Halophila,Above,,,,,
762,PTS,4/30/21,173.4417344,Halophila,Above,,,,,
763,PTS,4/30/21,154.4715447,Halophila,Above,,,,,
764,PTS,4/30/21,51.49051491,Halophila,Above,,,,,
765,PTS,4/30/21,51.49051491,Halophila,Above,,,,,
766,PTS,4/30/21,75.88075881,Halophila,Above,,,,,
767,PTS,4/30/21,48.7804878,Halophila,Above,,,,,
768,PTS,4/30/21,143.6314363,Halophila,Above,,,,,
769,PTS,4/30/21,227.6422764,Halophila,Above,,,,,
770,PTS,4/30/21,208.6720867,Halophila,Above,,,,,
771,PTS,4/30/21,27.100271,Halophila,Above,,,,,
772,PTS,4/30/21,235.7723577,Halophila,Above,,,,,
816,PTS,1/19/20,84.01084011,Halophila,below,,,,,
817,PTS,1/19/20,32.5203252,Halophila,below,,,,,
818,PTS,1/19/20,78.59078591,Halophila,below,,,,,
819,PTS,1/19/20,56.91056911,Halophila,below,,,,,
820,PTS,1/19/20,67.75067751,Halophila,below,,,,,
821,PTS,1/19/20,2.7100271,Halophila,below,,,,,
822,PTS,1/19/20,37.9403794,Halophila,below,,,,,
823,PTS,1/19/20,46.0704607,Halophila,below,,,,,
824,PTS,1/19/20,56.91056911,Halophila,below,,,,,
825,PTS,1/19/20,59.62059621,Halophila,below,,,,,
826,PTS,1/19/20,43.3604336,Halophila,below,,,,,
827,PTS,1/19/20,16.2601626,Halophila,below,,,,,
828,PTS,1/19/20,59.62059621,Halophila,below,,,,,
829,PTS,1/19/20,89.43089431,Halophila,below,,,,,
874,PTS,8/8/20,16.2601626,Halophila,below,,,,,
875,PTS,8/8/20,81.30081301,Halophila,below,,,,,
876,PTS,8/8/20,105.6910569,Halophila,below,,,,,
877,PTS,8/8/20,37.9403794,Halophila,below,,,,,
878,PTS,8/8/20,159.8915989,Halophila,below,,,,,
879,PTS,8/8/20,116.5311653,Halophila,below,,,,,
880,PTS,8/8/20,119.2411924,Halophila,below,,,,,
881,PTS,8/8/20,51.49051491,Halophila,below,,,,,
882,PTS,8/8/20,86.72086721,Halophila,below,,,,,
883,PTS,8/8/20,132.7913279,Halophila,below,,,,,
884,PTS,8/8/20,78.59078591,Halophila,below,,,,,
885,PTS,8/8/20,73.17073171,Halophila,below,,,,,
886,PTS,8/8/20,70.46070461,Halophila,below,,,,,
887,PTS,8/8/20,84.01084011,Halophila,below,,,,,
923,PTS,11/10/20,135.501355,Halophila,below,,,,,
924,PTS,11/10/20,124.6612466,Halophila,below,,,,,
925,PTS,11/10/20,189.701897,Halophila,below,,,,,
926,PTS,11/10/20,224.9322493,Halophila,below,,,,,
927,PTS,11/10/20,29.8102981,Halophila,below,,,,,
928,PTS,11/10/20,311.6531165,Halophila,below,,,,,
929,PTS,11/10/20,205.9620596,Halophila,below,,,,,
930,PTS,11/10/20,189.701897,Halophila,below,,,,,
931,PTS,11/10/20,86.72086721,Halophila,below,,,,,
932,PTS,11/10/20,86.72086721,Halophila,below,,,,,
933,PTS,11/10/20,65.04065041,Halophila,below,,,,,
934,PTS,11/10/20,111.1111111,Halophila,below,,,,,
935,PTS,11/10/20,197.8319783,Halophila,below,,,,,
974,PTS,1/29/21,94.85094851,Halophila,below,,,,,
975,PTS,1/29/21,192.4119241,Halophila,below,,,,,
976,PTS,1/29/21,138.2113821,Halophila,below,,,,,
977,PTS,1/29/21,317.0731707,Halophila,below,,,,,
978,PTS,1/29/21,78.59078591,Halophila,below,,,,,
979,PTS,1/29/21,159.8915989,Halophila,below,,,,,
980,PTS,1/29/21,257.4525745,Halophila,below,,,,,
981,PTS,1/29/21,433.604336,Halophila,below,,,,,
982,PTS,1/29/21,111.1111111,Halophila,below,,,,,
983,PTS,1/29/21,178.8617886,Halophila,below,,,,,
984,PTS,1/29/21,336.0433604,Halophila,below,,,,,
985,PTS,1/29/21,411.9241192,Halophila,below,,,,,
986,PTS,1/29/21,168.0216802,Halophila,below,,,,,
987,PTS,1/29/21,56.91056911,Halophila,below,,,,,
1026,PTS,4/30/21,140.9214092,Halophila,below,,,,,
1027,PTS,4/30/21,56.91056911,Halophila,below,,,,,
1028,PTS,4/30/21,108.401084,Halophila,below,,,,,
1029,PTS,4/30/21,246.6124661,Halophila,below,,,,,
1030,PTS,4/30/21,311.6531165,Halophila,below,,,,,
1031,PTS,4/30/21,116.5311653,Halophila,below,,,,,
1032,PTS,4/30/21,59.62059621,Halophila,below,,,,,
1033,PTS,4/30/21,70.46070461,Halophila,below,,,,,
1034,PTS,4/30/21,113.8211382,Halophila,below,,,,,
1035,PTS,4/30/21,184.2818428,Halophila,below,,,,,
1036,PTS,4/30/21,322.4932249,Halophila,below,,,,,
1037,PTS,4/30/21,186.9918699,Halophila,below,,,,,
1038,PTS,4/30/21,56.91056911,Halophila,below,,,,,
1039,PTS,4/30/21,355.0135501,Halophila,below,,,,,
1083,PTS,1/19/20,NA,Syringodium,Above,,,,,
1084,PTS,1/19/20,NA,Syringodium,Above,,,,,
1085,PTS,1/19/20,NA,Syringodium,Above,,,,,
1086,PTS,1/19/20,NA,Syringodium,Above,,,,,
1087,PTS,1/19/20,NA,Syringodium,Above,,,,,
1088,PTS,1/19/20,NA,Syringodium,Above,,,,,
1089,PTS,1/19/20,NA,Syringodium,Above,,,,,
1090,PTS,1/19/20,NA,Syringodium,Above,,,,,
1091,PTS,1/19/20,NA,Syringodium,Above,,,,,
1092,PTS,1/19/20,NA,Syringodium,Above,,,,,
1093,PTS,1/19/20,NA,Syringodium,Above,,,,,
1094,PTS,1/19/20,NA,Syringodium,Above,,,,,
1095,PTS,1/19/20,NA,Syringodium,Above,,,,,
1096,PTS,1/19/20,NA,Syringodium,Above,,,,,
1141,PTS,8/8/20,NA,Syringodium,Above,,,,,
1142,PTS,8/8/20,NA,Syringodium,Above,,,,,
1143,PTS,8/8/20,NA,Syringodium,Above,,,,,
1144,PTS,8/8/20,NA,Syringodium,Above,,,,,
1145,PTS,8/8/20,NA,Syringodium,Above,,,,,
1146,PTS,8/8/20,NA,Syringodium,Above,,,,,
1147,PTS,8/8/20,NA,Syringodium,Above,,,,,
1148,PTS,8/8/20,NA,Syringodium,Above,,,,,
1149,PTS,8/8/20,NA,Syringodium,Above,,,,,
1150,PTS,8/8/20,NA,Syringodium,Above,,,,,
1151,PTS,8/8/20,NA,Syringodium,Above,,,,,
1152,PTS,8/8/20,NA,Syringodium,Above,,,,,
1153,PTS,8/8/20,NA,Syringodium,Above,,,,,
1154,PTS,8/8/20,NA,Syringodium,Above,,,,,
1190,PTS,11/10/20,18.9701897,Syringodium,Above,,,,,
1191,PTS,11/10/20,89.43089431,Syringodium,Above,,,,,
1192,PTS,11/10/20,13.5501355,Syringodium,Above,,,,,
1193,PTS,11/10/20,13.5501355,Syringodium,Above,,,,,
1194,PTS,11/10/20,0.27100271,Syringodium,Above,,,,,
1195,PTS,11/10/20,NA,Syringodium,Above,,,,,
1196,PTS,11/10/20,NA,Syringodium,Above,,,,,
1197,PTS,11/10/20,NA,Syringodium,Above,,,,,
1198,PTS,11/10/20,NA,Syringodium,Above,,,,,
1199,PTS,11/10/20,NA,Syringodium,Above,,,,,
1200,PTS,11/10/20,NA,Syringodium,Above,,,,,
1201,PTS,11/10/20,NA,Syringodium,Above,,,,,
1202,PTS,11/10/20,NA,Syringodium,Above,,,,,
1241,PTS,1/29/21,48.7804878,Syringodium,Above,,,,,
1242,PTS,1/29/21,2.7100271,Syringodium,Above,,,,,
1243,PTS,1/29/21,10.8401084,Syringodium,Above,,,,,
1244,PTS,1/29/21,32.5203252,Syringodium,Above,,,,,
1245,PTS,1/29/21,NA,Syringodium,Above,,,,,
1246,PTS,1/29/21,NA,Syringodium,Above,,,,,
1247,PTS,1/29/21,NA,Syringodium,Above,,,,,
1248,PTS,1/29/21,NA,Syringodium,Above,,,,,
1249,PTS,1/29/21,NA,Syringodium,Above,,,,,
1250,PTS,1/29/21,NA,Syringodium,Above,,,,,
1251,PTS,1/29/21,NA,Syringodium,Above,,,,,
1252,PTS,1/29/21,NA,Syringodium,Above,,,,,
1253,PTS,1/29/21,NA,Syringodium,Above,,,,,
1254,PTS,1/29/21,NA,Syringodium,Above,,,,,
1293,PTS,4/30/21,5.420054201,Syringodium,Above,,,,,
1294,PTS,4/30/21,46.0704607,Syringodium,Above,,,,,
1295,PTS,4/30/21,16.2601626,Syringodium,Above,,,,,
1296,PTS,4/30/21,NA,Syringodium,Above,,,,,
1297,PTS,4/30/21,NA,Syringodium,Above,,,,,
1298,PTS,4/30/21,NA,Syringodium,Above,,,,,
1299,PTS,4/30/21,NA,Syringodium,Above,,,,,
1300,PTS,4/30/21,NA,Syringodium,Above,,,,,
1301,PTS,4/30/21,NA,Syringodium,Above,,,,,
1302,PTS,4/30/21,NA,Syringodium,Above,,,,,
1303,PTS,4/30/21,NA,Syringodium,Above,,,,,
1304,PTS,4/30/21,NA,Syringodium,Above,,,,,
1305,PTS,4/30/21,NA,Syringodium,Above,,,,,
1306,PTS,4/30/21,NA,Syringodium,Above,,,,,
1350,PTS,1/19/20,NA,Syringodium,below,,,,,
1351,PTS,1/19/20,NA,Syringodium,below,,,,,
1352,PTS,1/19/20,NA,Syringodium,below,,,,,
1353,PTS,1/19/20,NA,Syringodium,below,,,,,
1354,PTS,1/19/20,NA,Syringodium,below,,,,,
1355,PTS,1/19/20,NA,Syringodium,below,,,,,
1356,PTS,1/19/20,NA,Syringodium,below,,,,,
1357,PTS,1/19/20,NA,Syringodium,below,,,,,
1358,PTS,1/19/20,NA,Syringodium,below,,,,,
1359,PTS,1/19/20,NA,Syringodium,below,,,,,
1360,PTS,1/19/20,NA,Syringodium,below,,,,,
1361,PTS,1/19/20,NA,Syringodium,below,,,,,
1362,PTS,1/19/20,NA,Syringodium,below,,,,,
1363,PTS,1/19/20,NA,Syringodium,below,,,,,
1408,PTS,8/8/20,NA,Syringodium,below,,,,,
1409,PTS,8/8/20,NA,Syringodium,below,,,,,
1410,PTS,8/8/20,NA,Syringodium,below,,,,,
1411,PTS,8/8/20,NA,Syringodium,below,,,,,
1412,PTS,8/8/20,NA,Syringodium,below,,,,,
1413,PTS,8/8/20,NA,Syringodium,below,,,,,
1414,PTS,8/8/20,NA,Syringodium,below,,,,,
1415,PTS,8/8/20,NA,Syringodium,below,,,,,
1416,PTS,8/8/20,NA,Syringodium,below,,,,,
1417,PTS,8/8/20,NA,Syringodium,below,,,,,
1418,PTS,8/8/20,NA,Syringodium,below,,,,,
1419,PTS,8/8/20,NA,Syringodium,below,,,,,
1420,PTS,8/8/20,NA,Syringodium,below,,,,,
1421,PTS,8/8/20,NA,Syringodium,below,,,,,
1457,PTS,11/10/20,116.5311653,Syringodium,below,,,,,
1458,PTS,11/10/20,696.4769648,Syringodium,below,,,,,
1459,PTS,11/10/20,8.130081301,Syringodium,below,,,,,
1460,PTS,11/10/20,29.8102981,Syringodium,below,,,,,
1461,PTS,11/10/20,176.1517615,Syringodium,below,,,,,
1462,PTS,11/10/20,NA,Syringodium,below,,,,,
1463,PTS,11/10/20,NA,Syringodium,below,,,,,
1464,PTS,11/10/20,NA,Syringodium,below,,,,,
1465,PTS,11/10/20,NA,Syringodium,below,,,,,
1466,PTS,11/10/20,NA,Syringodium,below,,,,,
1467,PTS,11/10/20,NA,Syringodium,below,,,,,
1468,PTS,11/10/20,NA,Syringodium,below,,,,,
1469,PTS,11/10/20,NA,Syringodium,below,,,,,
1508,PTS,1/29/21,211.3821138,Syringodium,below,,,,,
1509,PTS,1/29/21,5.420054201,Syringodium,below,,,,,
1510,PTS,1/29/21,8.130081301,Syringodium,below,,,,,
1511,PTS,1/29/21,75.88075881,Syringodium,below,,,,,
1512,PTS,1/29/21,NA,Syringodium,below,,,,,
1513,PTS,1/29/21,NA,Syringodium,below,,,,,
1514,PTS,1/29/21,NA,Syringodium,below,,,,,
1515,PTS,1/29/21,NA,Syringodium,below,,,,,
1516,PTS,1/29/21,NA,Syringodium,below,,,,,
1517,PTS,1/29/21,NA,Syringodium,below,,,,,
1518,PTS,1/29/21,NA,Syringodium,below,,,,,
1519,PTS,1/29/21,NA,Syringodium,below,,,,,
1520,PTS,1/29/21,NA,Syringodium,below,,,,,
1521,PTS,1/29/21,NA,Syringodium,below,,,,,
1560,PTS,4/30/21,113.8211382,Syringodium,below,,,,,
1561,PTS,4/30/21,289.9728997,Syringodium,below,,,,,
1562,PTS,4/30/21,108.401084,Syringodium,below,,,,,
1563,PTS,4/30/21,NA,Syringodium,below,,,,,
1564,PTS,4/30/21,NA,Syringodium,below,,,,,
1565,PTS,4/30/21,NA,Syringodium,below,,,,,
1566,PTS,4/30/21,NA,Syringodium,below,,,,,
1567,PTS,4/30/21,NA,Syringodium,below,,,,,
1568,PTS,4/30/21,NA,Syringodium,below,,,,,
1569,PTS,4/30/21,NA,Syringodium,below,,,,,
1570,PTS,4/30/21,NA,Syringodium,below,,,,,
1571,PTS,4/30/21,NA,Syringodium,below,,,,,
1572,PTS,4/30/21,NA,Syringodium,below,,,,,
1573,PTS,4/30/21,NA,Syringodium,below,,,,,
1617,PTS,1/19/20,NA,Halodule,Above,,,,,
1618,PTS,1/19/20,NA,Halodule,Above,,,,,
1619,PTS,1/19/20,NA,Halodule,Above,,,,,
1620,PTS,1/19/20,NA,Halodule,Above,,,,,
1621,PTS,1/19/20,NA,Halodule,Above,,,,,
1622,PTS,1/19/20,NA,Halodule,Above,,,,,
1623,PTS,1/19/20,NA,Halodule,Above,,,,,
1624,PTS,1/19/20,NA,Halodule,Above,,,,,
1625,PTS,1/19/20,NA,Halodule,Above,,,,,
1626,PTS,1/19/20,NA,Halodule,Above,,,,,
1627,PTS,1/19/20,NA,Halodule,Above,,,,,
1628,PTS,1/19/20,NA,Halodule,Above,,,,,
1629,PTS,1/19/20,NA,Halodule,Above,,,,,
1630,PTS,1/19/20,NA,Halodule,Above,,,,,
1675,PTS,8/8/20,NA,Halodule,Above,,,,,
1676,PTS,8/8/20,NA,Halodule,Above,,,,,
1677,PTS,8/8/20,NA,Halodule,Above,,,,,
1678,PTS,8/8/20,NA,Halodule,Above,,,,,
1679,PTS,8/8/20,NA,Halodule,Above,,,,,
1680,PTS,8/8/20,NA,Halodule,Above,,,,,
1681,PTS,8/8/20,NA,Halodule,Above,,,,,
1682,PTS,8/8/20,NA,Halodule,Above,,,,,
1683,PTS,8/8/20,NA,Halodule,Above,,,,,
1684,PTS,8/8/20,NA,Halodule,Above,,,,,
1685,PTS,8/8/20,NA,Halodule,Above,,,,,
1686,PTS,8/8/20,NA,Halodule,Above,,,,,
1687,PTS,8/8/20,NA,Halodule,Above,,,,,
1688,PTS,8/8/20,NA,Halodule,Above,,,,,
1724,PTS,11/10/20,NA,Halodule,Above,,,,,
1725,PTS,11/10/20,NA,Halodule,Above,,,,,
1726,PTS,11/10/20,NA,Halodule,Above,,,,,
1727,PTS,11/10/20,NA,Halodule,Above,,,,,
1728,PTS,11/10/20,NA,Halodule,Above,,,,,
1729,PTS,11/10/20,NA,Halodule,Above,,,,,
1730,PTS,11/10/20,NA,Halodule,Above,,,,,
1731,PTS,11/10/20,NA,Halodule,Above,,,,,
1732,PTS,11/10/20,NA,Halodule,Above,,,,,
1733,PTS,11/10/20,NA,Halodule,Above,,,,,
1734,PTS,11/10/20,NA,Halodule,Above,,,,,
1735,PTS,11/10/20,NA,Halodule,Above,,,,,
1736,PTS,11/10/20,NA,Halodule,Above,,,,,
1775,PTS,1/29/21,NA,Halodule,Above,,,,,
1776,PTS,1/29/21,NA,Halodule,Above,,,,,
1777,PTS,1/29/21,NA,Halodule,Above,,,,,
1778,PTS,1/29/21,NA,Halodule,Above,,,,,
1779,PTS,1/29/21,NA,Halodule,Above,,,,,
1780,PTS,1/29/21,NA,Halodule,Above,,,,,
1781,PTS,1/29/21,NA,Halodule,Above,,,,,
1782,PTS,1/29/21,NA,Halodule,Above,,,,,
1783,PTS,1/29/21,NA,Halodule,Above,,,,,
1784,PTS,1/29/21,NA,Halodule,Above,,,,,
1785,PTS,1/29/21,NA,Halodule,Above,,,,,
1786,PTS,1/29/21,NA,Halodule,Above,,,,,
1787,PTS,1/29/21,NA,Halodule,Above,,,,,
1788,PTS,1/29/21,NA,Halodule,Above,,,,,
1827,PTS,4/30/21,NA,Halodule,Above,,,,,
1828,PTS,4/30/21,NA,Halodule,Above,,,,,
1829,PTS,4/30/21,NA,Halodule,Above,,,,,
1830,PTS,4/30/21,NA,Halodule,Above,,,,,
1831,PTS,4/30/21,NA,Halodule,Above,,,,,
1832,PTS,4/30/21,NA,Halodule,Above,,,,,
1833,PTS,4/30/21,NA,Halodule,Above,,,,,
1834,PTS,4/30/21,NA,Halodule,Above,,,,,
1835,PTS,4/30/21,NA,Halodule,Above,,,,,
1836,PTS,4/30/21,NA,Halodule,Above,,,,,
1837,PTS,4/30/21,NA,Halodule,Above,,,,,
1838,PTS,4/30/21,NA,Halodule,Above,,,,,
1839,PTS,4/30/21,NA,Halodule,Above,,,,,
1840,PTS,4/30/21,NA,Halodule,Above,,,,,
1884,PTS,1/19/20,NA,Halodule,below,,,,,
1885,PTS,1/19/20,NA,Halodule,below,,,,,
1886,PTS,1/19/20,NA,Halodule,below,,,,,
1887,PTS,1/19/20,NA,Halodule,below,,,,,
1888,PTS,1/19/20,NA,Halodule,below,,,,,
1889,PTS,1/19/20,NA,Halodule,below,,,,,
1890,PTS,1/19/20,NA,Halodule,below,,,,,
1891,PTS,1/19/20,NA,Halodule,below,,,,,
1892,PTS,1/19/20,NA,Halodule,below,,,,,
1893,PTS,1/19/20,NA,Halodule,below,,,,,
1894,PTS,1/19/20,NA,Halodule,below,,,,,
1895,PTS,1/19/20,NA,Halodule,below,,,,,
1896,PTS,1/19/20,NA,Halodule,below,,,,,
1897,PTS,1/19/20,NA,Halodule,below,,,,,
1942,PTS,8/8/20,NA,Halodule,below,,,,,
1943,PTS,8/8/20,NA,Halodule,below,,,,,
1944,PTS,8/8/20,NA,Halodule,below,,,,,
1945,PTS,8/8/20,NA,Halodule,below,,,,,
1946,PTS,8/8/20,NA,Halodule,below,,,,,
1947,PTS,8/8/20,NA,Halodule,below,,,,,
1948,PTS,8/8/20,NA,Halodule,below,,,,,
1949,PTS,8/8/20,NA,Halodule,below,,,,,
1950,PTS,8/8/20,NA,Halodule,below,,,,,
1951,PTS,8/8/20,NA,Halodule,below,,,,,
1952,PTS,8/8/20,NA,Halodule,below,,,,,
1953,PTS,8/8/20,NA,Halodule,below,,,,,
1954,PTS,8/8/20,NA,Halodule,below,,,,,
1955,PTS,8/8/20,NA,Halodule,below,,,,,
1991,PTS,11/10/20,NA,Halodule,below,,,,,
1992,PTS,11/10/20,NA,Halodule,below,,,,,
1993,PTS,11/10/20,NA,Halodule,below,,,,,
1994,PTS,11/10/20,NA,Halodule,below,,,,,
1995,PTS,11/10/20,NA,Halodule,below,,,,,
1996,PTS,11/10/20,NA,Halodule,below,,,,,
1997,PTS,11/10/20,NA,Halodule,below,,,,,
1998,PTS,11/10/20,NA,Halodule,below,,,,,
1999,PTS,11/10/20,NA,Halodule,below,,,,,
2000,PTS,11/10/20,NA,Halodule,below,,,,,
2001,PTS,11/10/20,NA,Halodule,below,,,,,
2002,PTS,11/10/20,NA,Halodule,below,,,,,
2003,PTS,11/10/20,NA,Halodule,below,,,,,
2042,PTS,1/29/21,NA,Halodule,below,,,,,
2043,PTS,1/29/21,NA,Halodule,below,,,,,
2044,PTS,1/29/21,NA,Halodule,below,,,,,
2045,PTS,1/29/21,NA,Halodule,below,,,,,
2046,PTS,1/29/21,NA,Halodule,below,,,,,
2047,PTS,1/29/21,NA,Halodule,below,,,,,
2048,PTS,1/29/21,NA,Halodule,below,,,,,
2049,PTS,1/29/21,NA,Halodule,below,,,,,
2050,PTS,1/29/21,NA,Halodule,below,,,,,
2051,PTS,1/29/21,NA,Halodule,below,,,,,
2052,PTS,1/29/21,NA,Halodule,below,,,,,
2053,PTS,1/29/21,NA,Halodule,below,,,,,
2054,PTS,1/29/21,NA,Halodule,below,,,,,
2055,PTS,1/29/21,NA,Halodule,below,,,,,
2094,PTS,4/30/21,NA,Halodule,below,,,,,
2095,PTS,4/30/21,NA,Halodule,below,,,,,
2096,PTS,4/30/21,NA,Halodule,below,,,,,
2097,PTS,4/30/21,NA,Halodule,below,,,,,
2098,PTS,4/30/21,NA,Halodule,below,,,,,
2099,PTS,4/30/21,NA,Halodule,below,,,,,
2100,PTS,4/30/21,NA,Halodule,below,,,,,
2101,PTS,4/30/21,NA,Halodule,below,,,,,
2102,PTS,4/30/21,NA,Halodule,below,,,,,
2103,PTS,4/30/21,NA,Halodule,below,,,,,
2104,PTS,4/30/21,NA,Halodule,below,,,,,
2105,PTS,4/30/21,NA,Halodule,below,,,,,
2106,PTS,4/30/21,NA,Halodule,below,,,,,
2107,PTS,4/30/21,NA,Halodule,below,,,,,